lesson_code|code|title|lesson_order|slides_count|notes
EE-BSC-A1-L1|EE-BSC-A1-L1-ACT-1|Warm-up|1|7|
EE-BSC-A1-L1|EE-BSC-A1-L1-ACT-2|Language Presentation/Review|2|8|
EE-BSC-A1-L1|EE-BSC-A1-L1-ACT-3|Pronunciation|3|9|
EE-BSC-A1-L1|EE-BSC-A1-L1-ACT-4|Language Practice|4|1|
EE-BSC-A1-L1|EE-BSC-A1-L1-ACT-5|Discussion|5|1|
EE-BSC-A1-L2|EE-BSC-A1-L2-ACT-1|Warm-up|1|12|
EE-BSC-A1-L2|EE-BSC-A1-L2-ACT-2|Language Presentation/Review|2|4|
EE-BSC-A1-L2|EE-BSC-A1-L2-ACT-3|Listening|3|6|Missing slides
EE-BSC-A1-L2|EE-BSC-A1-L2-ACT-4|Language Practice|4|8|Missing slides
EE-BSC-A1-L2|EE-BSC-A1-L2-ACT-5|Pronunciation|5|4|
EE-BSC-A1-L2|EE-BSC-A1-L2-ACT-6|Speaking|6|1|
EE-BSC-A1-L3|EE-BSC-A1-L3-ACT-1|Warm-up|1|1|
EE-BSC-A1-L3|EE-BSC-A1-L3-ACT-2|Language Presentation/Review|2|6|
EE-BSC-A1-L3|EE-BSC-A1-L3-ACT-3|Listening|3|3|
EE-BSC-A1-L3|EE-BSC-A1-L3-ACT-4|Language Practice|4|7|
EE-BSC-A1-L3|EE-BSC-A1-L3-ACT-5|Pronunciation|5|4|Slides together with activity 3
EE-BSC-A1-L3|EE-BSC-A1-L3-ACT-6|Discussion|6|1|
EE-BSC-A1-L4|EE-BSC-A1-L4-ACT-1|Warm-up|1|5|
EE-BSC-A1-L4|EE-BSC-A1-L4-ACT-2|Language Presentation/Review|2|9|
EE-BSC-A1-L4|EE-BSC-A1-L4-ACT-3|Pronunciation|3|14|
EE-BSC-A1-L4|EE-BSC-A1-L4-ACT-4|Language Practice|4|1|
EE-BSC-A1-L4|EE-BSC-A1-L4-ACT-5|Discussion|5|1|
EE-BSC-A1-L5|EE-BSC-A1-L5-ACT-1|Warm-up|1|1|
EE-BSC-A1-L5|EE-BSC-A1-L5-ACT-2|Language Presentation/Review|2|6|
EE-BSC-A1-L5|EE-BSC-A1-L5-ACT-3|Listening|3|6|
EE-BSC-A1-L5|EE-BSC-A1-L5-ACT-4|Language Practice|4|7|
EE-BSC-A1-L5|EE-BSC-A1-L5-ACT-5|Pronunciation|5|1|Missing Slides
EE-BSC-A1-L5|EE-BSC-A1-L5-ACT-6|Discussion|6|1|
EE-BSC-A1-L6|EE-BSC-A1-L6-ACT-1|Warm-up|1|1|
EE-BSC-A1-L6|EE-BSC-A1-L6-ACT-2|Language Presentation/Review|2|18|
EE-BSC-A1-L6|EE-BSC-A1-L6-ACT-3|Listening|3|5|
EE-BSC-A1-L6|EE-BSC-A1-L6-ACT-4|Language Practice|4|6|
EE-BSC-A1-L6|EE-BSC-A1-L6-ACT-5|Pronunciation|5|6|
EE-BSC-A1-L6|EE-BSC-A1-L6-ACT-6|Discussion|6|1|
EE-BSC-A1-L7|EE-BSC-A1-L7-ACT-1|Warm-up|1|1|
EE-BSC-A1-L7|EE-BSC-A1-L7-ACT-2|Language Presentation/Review|2|6|
EE-BSC-A1-L7|EE-BSC-A1-L7-ACT-3|Pronunciation|3|1|
EE-BSC-A1-L7|EE-BSC-A1-L7-ACT-4|Listening|4|2|
EE-BSC-A1-L7|EE-BSC-A1-L7-ACT-5|Language Practice|5|7|
EE-BSC-A1-L7|EE-BSC-A1-L7-ACT-6|Discussion|6|1|
EE-BSC-A1-L8|EE-BSC-A1-L8-ACT-1|Warm-up|1|1|
EE-BSC-A1-L8|EE-BSC-A1-L8-ACT-2|Language Presentation/Review|2|4|
EE-BSC-A1-L8|EE-BSC-A1-L8-ACT-3|Pronunciation|3|1|
EE-BSC-A1-L8|EE-BSC-A1-L8-ACT-4|Language Practice|4|6|
EE-BSC-A1-L8|EE-BSC-A1-L8-ACT-5|Discussion|5|1|
EE-BSC-A1-L9|EE-BSC-A1-L9-ACT-1|Warm-up|1|1|
EE-BSC-A1-L9|EE-BSC-A1-L9-ACT-2|Language Presentation/Review|2|11|
EE-BSC-A1-L9|EE-BSC-A1-L9-ACT-3|Listening|3|7|
EE-BSC-A1-L9|EE-BSC-A1-L9-ACT-4|Language Practice|4|10|
EE-BSC-A1-L9|EE-BSC-A1-L9-ACT-5|Pronunciation|5|6|
EE-BSC-A1-L9|EE-BSC-A1-L9-ACT-6|Discussion|6|1|
EE-BSC-A1-L10|EE-BSC-A1-L10-ACT-1|Warm-up|1|1|
EE-BSC-A1-L10|EE-BSC-A1-L10-ACT-2|Language Presentation/Review|2|1|
EE-BSC-A1-L10|EE-BSC-A1-L10-ACT-3|Listening|3|3|
EE-BSC-A1-L10|EE-BSC-A1-L10-ACT-4|Language Practice|4|6|
EE-BSC-A1-L10|EE-BSC-A1-L10-ACT-5|Pronunciation|5|7|
EE-BSC-A1-L10|EE-BSC-A1-L10-ACT-6|Discussion|6|1|
EE-BSC-A1-L11|EE-BSC-A1-L11-ACT-1|Warm-up|1|1|
EE-BSC-A1-L11|EE-BSC-A1-L11-ACT-2|Language Presentation/Review|2|6|
EE-BSC-A1-L11|EE-BSC-A1-L11-ACT-3|Listening|3|9|
EE-BSC-A1-L11|EE-BSC-A1-L11-ACT-4|Language Practice|4|5|
EE-BSC-A1-L11|EE-BSC-A1-L11-ACT-5|Pronunciation|5|1|
EE-BSC-A1-L11|EE-BSC-A1-L11-ACT-6|Discussion|6|1|
EE-BSC-A1-L12|EE-BSC-A1-L12-ACT-1|Warm-up|1|8|
EE-BSC-A1-L12|EE-BSC-A1-L12-ACT-2|Language Presentation/Review|2|45|
EE-BSC-A1-L12|EE-BSC-A1-L12-ACT-3|Pronunciation|3|1|
EE-BSC-A1-L12|EE-BSC-A1-L12-ACT-4|Language Practice|4|6|
EE-BSC-A1-L12|EE-BSC-A1-L12-ACT-5|Discussion|5|1|
EE-BSC-A1-L13|EE-BSC-A1-L13-ACT-1|Warm-up|1|1|
EE-BSC-A1-L13|EE-BSC-A1-L13-ACT-2|Language Presentation/Review|2|8|
EE-BSC-A1-L13|EE-BSC-A1-L13-ACT-3|Listening|3|7|
EE-BSC-A1-L13|EE-BSC-A1-L13-ACT-4|Pronunciation|4|8|
EE-BSC-A1-L13|EE-BSC-A1-L13-ACT-5|Language Practice|5|7|
EE-BSC-A1-L13|EE-BSC-A1-L13-ACT-6|Discussion|6|1|
EE-BSC-A1-L14|EE-BSC-A1-L14-ACT-1|Warm-up|1|1|
EE-BSC-A1-L14|EE-BSC-A1-L14-ACT-2|Language Presentation/Review|2|5|
EE-BSC-A1-L14|EE-BSC-A1-L14-ACT-3|Listening|3|11|
EE-BSC-A1-L14|EE-BSC-A1-L14-ACT-4|Language Practice|4|5|
EE-BSC-A1-L14|EE-BSC-A1-L14-ACT-5|Pronunciation|5|7|
EE-BSC-A1-L14|EE-BSC-A1-L14-ACT-6|Discussion|6|1|
EE-BSC-A1-L15|EE-BSC-A1-L15-ACT-1|Warm-up|1|1|
EE-BSC-A1-L15|EE-BSC-A1-L15-ACT-2|Language Presentation/Review|2|7|
EE-BSC-A1-L15|EE-BSC-A1-L15-ACT-3|Listening|3|8|
EE-BSC-A1-L15|EE-BSC-A1-L15-ACT-4|Language Practice|4|7|
EE-BSC-A1-L15|EE-BSC-A1-L15-ACT-5|Pronunciation|5|7|
EE-BSC-A1-L15|EE-BSC-A1-L15-ACT-6|Discussion|6|1|
EE-BSC-A1-L16|EE-BSC-A1-L16-ACT-1|Warm-up|1|6|
EE-BSC-A1-L16|EE-BSC-A1-L16-ACT-2|Grammar Presentation|2|7|
EE-BSC-A1-L16|EE-BSC-A1-L16-ACT-3|Pronunciation|3|10|
EE-BSC-A1-L16|EE-BSC-A1-L16-ACT-4|Grammar Practice|4|10|
EE-BSC-A1-L16|EE-BSC-A1-L16-ACT-5|Discussion|5|1|
EE-BSC-A1-L17|EE-BSC-A1-L17-ACT-1|Warm-up|1|1|
EE-BSC-A1-L17|EE-BSC-A1-L17-ACT-2|Language Presentation/Review|2|8|
EE-BSC-A1-L17|EE-BSC-A1-L17-ACT-3|Listening|3|4|
EE-BSC-A1-L17|EE-BSC-A1-L17-ACT-4|Language Practice|4|9|
EE-BSC-A1-L17|EE-BSC-A1-L17-ACT-5|Pronunciation|5|1|
EE-BSC-A1-L17|EE-BSC-A1-L17-ACT-6|Discussion|6|1|
EE-BSC-A1-L18|EE-BSC-A1-L18-ACT-1|Warm-up|1|1|
EE-BSC-A1-L18|EE-BSC-A1-L18-ACT-2|Language Presentation/Review|2|7|
EE-BSC-A1-L18|EE-BSC-A1-L18-ACT-3|Listening|3|5|
EE-BSC-A1-L18|EE-BSC-A1-L18-ACT-4|Language Practice|4|5|
EE-BSC-A1-L18|EE-BSC-A1-L18-ACT-5|Pronunciation|5|1|
EE-BSC-A1-L18|EE-BSC-A1-L18-ACT-6|Discussion|6|1|
EE-BSC-A1-L19|EE-BSC-A1-L19-ACT-1|Warm-up|1|1|
EE-BSC-A1-L19|EE-BSC-A1-L19-ACT-2|Language Presentation/Review|2|14|
EE-BSC-A1-L19|EE-BSC-A1-L19-ACT-3|Pronunciation|3|14|
EE-BSC-A1-L19|EE-BSC-A1-L19-ACT-4|Language Practice|4|6|
EE-BSC-A1-L19|EE-BSC-A1-L19-ACT-5|Discussion|5|1|
EE-BSC-A1-L20|EE-BSC-A1-L20-ACT-1|Warm-up|1|1|
EE-BSC-A1-L20|EE-BSC-A1-L20-ACT-2|Language Presentation/Review|2|7|
EE-BSC-A1-L20|EE-BSC-A1-L20-ACT-3|Listening|3|15|
EE-BSC-A1-L20|EE-BSC-A1-L20-ACT-4|Pronunciation|4|1|
EE-BSC-A1-L20|EE-BSC-A1-L20-ACT-5|Language Practice|5|1|
EE-BSC-A1-L20|EE-BSC-A1-L20-ACT-6|Discussion|6|1|
EE-BSC-A1-L21|EE-BSC-A1-L21-ACT-1|Warm-up|1|1|
EE-BSC-A1-L21|EE-BSC-A1-L21-ACT-2|Language Presentation/Review|2|8|
EE-BSC-A1-L21|EE-BSC-A1-L21-ACT-3|Listening|3|2|
EE-BSC-A1-L21|EE-BSC-A1-L21-ACT-4|Language Practice|4|13|
EE-BSC-A1-L21|EE-BSC-A1-L21-ACT-5|Pronunciation|5|1|
EE-BSC-A1-L21|EE-BSC-A1-L21-ACT-6|Discussion|6|1|
EE-BSC-A1-L22|EE-BSC-A1-L22-ACT-1|Warm-up|1|1|
EE-BSC-A1-L22|EE-BSC-A1-L22-ACT-2|Language Presentation/Review|2|6|
EE-BSC-A1-L22|EE-BSC-A1-L22-ACT-3|Listening|3|4|
EE-BSC-A1-L22|EE-BSC-A1-L22-ACT-4|Language Practice|4|11|
EE-BSC-A1-L22|EE-BSC-A1-L22-ACT-5|Pronunciation|5|1|
EE-BSC-A1-L22|EE-BSC-A1-L22-ACT-6|Discussion|6|1|
EE-BSC-A1-L23|EE-BSC-A1-L23-ACT-1|Warm-up|1|1|
EE-BSC-A1-L23|EE-BSC-A1-L23-ACT-2|Language Presentation/Review|2|12|
EE-BSC-A1-L23|EE-BSC-A1-L23-ACT-3|Pronunciation|3|7|
EE-BSC-A1-L23|EE-BSC-A1-L23-ACT-4|Language Practice|4|11|
EE-BSC-A1-L23|EE-BSC-A1-L23-ACT-5|Discussion|5|1|
EE-BSC-A1-L24|EE-BSC-A1-L24-ACT-1|Warm-up|1|1|
EE-BSC-A1-L24|EE-BSC-A1-L24-ACT-2|Language Presentation/Review|2|1|activities 1 and 2 in the same slide
EE-BSC-A1-L24|EE-BSC-A1-L24-ACT-3|Listening|3|9|2a and 2 b separated
EE-BSC-A1-L24|EE-BSC-A1-L24-ACT-4|Language Practice|4|4|activities 3 and 4 in the same slide
EE-BSC-A1-L24|EE-BSC-A1-L24-ACT-5|Pronunciation|5|1|
EE-BSC-A1-L24|EE-BSC-A1-L24-ACT-6|Discussion|6|1|
EE-BSC-A1-L25|EE-BSC-A1-L25-ACT-1|Warm-up|1|1|
EE-BSC-A1-L25|EE-BSC-A1-L25-ACT-2|Language Presentation/Review|2|11|
EE-BSC-A1-L25|EE-BSC-A1-L25-ACT-3|Listening|3|3|
EE-BSC-A1-L25|EE-BSC-A1-L25-ACT-4|Language Practice|4|8|
EE-BSC-A1-L25|EE-BSC-A1-L25-ACT-5|Pronunciation|5|4|
EE-BSC-A1-L25|EE-BSC-A1-L25-ACT-6|Discussion|6|1|
EE-BSC-A1-L26|EE-BSC-A1-L26-ACT-1|Warm-up|1|1|
EE-BSC-A1-L26|EE-BSC-A1-L26-ACT-2|Language Presentation/Review|2|10|
EE-BSC-A1-L26|EE-BSC-A1-L26-ACT-3|Listening|3|4|activities 2 and 3 in the same slide
EE-BSC-A1-L26|EE-BSC-A1-L26-ACT-4|Language Practice|4|7|
EE-BSC-A1-L26|EE-BSC-A1-L26-ACT-5|Pronunciation|5|5|activities 4 and 5 in the same slide
EE-BSC-A1-L26|EE-BSC-A1-L26-ACT-6|Discussion|6|1|
EE-BSC-A1-L27|EE-BSC-A1-L27-ACT-1|Warm-up|1|1|
EE-BSC-A1-L27|EE-BSC-A1-L27-ACT-2|Language Presentation/Review|2|20|1a and 1b separated
EE-BSC-A1-L27|EE-BSC-A1-L27-ACT-3|Pronunciation|3|1|
EE-BSC-A1-L27|EE-BSC-A1-L27-ACT-4|Language Practice|4|7|
EE-BSC-A1-L27|EE-BSC-A1-L27-ACT-5|Discussion|5|1|
EE-BSC-A1-L28|EE-BSC-A1-L28-ACT-1|Warm-up|1|1|
EE-BSC-A1-L28|EE-BSC-A1-L28-ACT-2|Language Presentation/Review|2|9|
EE-BSC-A1-L28|EE-BSC-A1-L28-ACT-3|Listening|3|10|
EE-BSC-A1-L28|EE-BSC-A1-L28-ACT-4|Pronunciation|4|9|
EE-BSC-A1-L28|EE-BSC-A1-L28-ACT-5|Discussion|5|1|
EE-BSC-A1-L29|EE-BSC-A1-L29-ACT-1|Warm-up|1|1|
EE-BSC-A1-L29|EE-BSC-A1-L29-ACT-2|Language Presentation/Review|2|8|
EE-BSC-A1-L29|EE-BSC-A1-L29-ACT-3|Listening|3|3|
EE-BSC-A1-L29|EE-BSC-A1-L29-ACT-4|Language Practice|4|7|
EE-BSC-A1-L29|EE-BSC-A1-L29-ACT-5|Pronunciation|5|1|
EE-BSC-A1-L29|EE-BSC-A1-L29-ACT-6|Discussion|6|1|
EE-BSC-A1-L30|EE-BSC-A1-L30-ACT-1|Warm-up|1|1|
EE-BSC-A1-L30|EE-BSC-A1-L30-ACT-2|Language Presentation/Review|2|10|
EE-BSC-A1-L30|EE-BSC-A1-L30-ACT-3|Listening|3|6|activities 2 and 3 in the same slide
EE-BSC-A1-L30|EE-BSC-A1-L30-ACT-4|Language Practice|4|6|
EE-BSC-A1-L30|EE-BSC-A1-L30-ACT-5|Pronunciation|5|1|activities 4 and 5 in the same slide
EE-BSC-A1-L30|EE-BSC-A1-L30-ACT-6|Discussion|6|1|
EE-BSC-A1-L31|EE-BSC-A1-L31-ACT-1|Warm-up|1|1|
EE-BSC-A1-L31|EE-BSC-A1-L31-ACT-2|Language Presentation/Review|2|7|
EE-BSC-A1-L31|EE-BSC-A1-L31-ACT-3|Pronunciation|3|13|activities 2 and 3 in the same slide
EE-BSC-A1-L31|EE-BSC-A1-L31-ACT-4|Language Practice|4|8|
EE-BSC-A1-L31|EE-BSC-A1-L31-ACT-5|Discussion|5|1|
EE-BSC-A1-L32|EE-BSC-A1-L32-ACT-1|Warm-up|1|1|
EE-BSC-A1-L32|EE-BSC-A1-L32-ACT-2|Vocabulary|2|6|activities 2 and 3 in the same slide
EE-BSC-A1-L32|EE-BSC-A1-L32-ACT-3|Listening|3|6|
EE-BSC-A1-L32|EE-BSC-A1-L32-ACT-4|Language Practice|4|6|activities 3 and 4 in the same slide
EE-BSC-A1-L32|EE-BSC-A1-L32-ACT-5|Pronunciation|5|14|
EE-BSC-A1-L32|EE-BSC-A1-L32-ACT-6|Discussion|6|1|
EE-BSC-A1-L33|EE-BSC-A1-L33-ACT-1|Warm-up|1|1|
EE-BSC-A1-L33|EE-BSC-A1-L33-ACT-2|Language Presentation/Review|2|11|
EE-BSC-A1-L33|EE-BSC-A1-L33-ACT-3|Listening|3|6|activities 2 and 3 in the same slide
EE-BSC-A1-L33|EE-BSC-A1-L33-ACT-4|Language Practice|4|1|
EE-BSC-A1-L33|EE-BSC-A1-L33-ACT-5|Pronunciation|5|6|
EE-BSC-A1-L33|EE-BSC-A1-L33-ACT-6|Discussion|6|1|
EE-BSC-A1-L34|EE-BSC-A1-L34-ACT-1|Warm-up|1|1|
EE-BSC-A1-L34|EE-BSC-A1-L34-ACT-2|Language Presentation/Review|2|1|
EE-BSC-A1-L34|EE-BSC-A1-L34-ACT-3|Listening|3|4|activities 2 and 3 in the same slide
EE-BSC-A1-L34|EE-BSC-A1-L34-ACT-4|Language Practice|4|5|
EE-BSC-A1-L34|EE-BSC-A1-L34-ACT-5|Pronunciation|5|1|
EE-BSC-A1-L34|EE-BSC-A1-L34-ACT-6|Discussion|6|1|
EE-BSC-A1-L35|EE-BSC-A1-L35-ACT-1|Warm-up|1|1|missing slide
EE-BSC-A1-L35|EE-BSC-A1-L35-ACT-2|Language Presentation/Review|2|8|activities 1 and 2 in the same slide
EE-BSC-A1-L35|EE-BSC-A1-L35-ACT-3|Pronunciation|3|11|
EE-BSC-A1-L35|EE-BSC-A1-L35-ACT-4|Language Practice|4|6|
EE-BSC-A1-L35|EE-BSC-A1-L35-ACT-5|Role-play|5|1|
EE-BSC-A1-L36|EE-BSC-A1-L36-ACT-1|Warm-up|1|1|
EE-BSC-A1-L36|EE-BSC-A1-L36-ACT-2|Vocabulary|2|7|
EE-BSC-A1-L36|EE-BSC-A1-L36-ACT-3|Listening|3|6|activities 2 and 3 in the same slide
EE-BSC-A1-L36|EE-BSC-A1-L36-ACT-4|Pronunciation|4|9|
EE-BSC-A1-L36|EE-BSC-A1-L36-ACT-5|Language Practice|5|6|activities 4 and 5 in the same slide
EE-BSC-A1-L36|EE-BSC-A1-L36-ACT-6|Discussion|6|1|
EE-BSC-A1-L37|EE-BSC-A1-L37-ACT-1|Warm-up|1|1|
EE-BSC-A1-L37|EE-BSC-A1-L37-ACT-2|Language Presentation/Review|2|1|
EE-BSC-A1-L37|EE-BSC-A1-L37-ACT-3|Listening|3|5|activities 2 and 3 in the same slide
EE-BSC-A1-L37|EE-BSC-A1-L37-ACT-4|Pronunciation|4|1|
EE-BSC-A1-L37|EE-BSC-A1-L37-ACT-5|Language Practice|5|8|
EE-BSC-A1-L37|EE-BSC-A1-L37-ACT-6|Role-play/Discussion|6|1|
EE-BSC-A1-L38|EE-BSC-A1-L38-ACT-1|Warm-up|1|1|
EE-BSC-A1-L38|EE-BSC-A1-L38-ACT-2|Language Presentation/Review|2|4|activities 1 and 2 in the same slide
EE-BSC-A1-L38|EE-BSC-A1-L38-ACT-3|Listening|3|3|
EE-BSC-A1-L38|EE-BSC-A1-L38-ACT-4|Language Practice|4|9|activities 3 and 4 in the same slide
EE-BSC-A1-L38|EE-BSC-A1-L38-ACT-5|Pronunciation|5|2|
EE-BSC-A1-L38|EE-BSC-A1-L38-ACT-6|Discussion|6|1|
EE-BSC-A1-L39|EE-BSC-A1-L39-ACT-1|Warm-up|1|1|
EE-BSC-A1-L39|EE-BSC-A1-L39-ACT-2|Language Presentation/Review|2|7|
EE-BSC-A1-L39|EE-BSC-A1-L39-ACT-3|Pronunciation|3|2|
EE-BSC-A1-L39|EE-BSC-A1-L39-ACT-4|Language Practice|4|7|
EE-BSC-A1-L39|EE-BSC-A1-L39-ACT-5|Discussion|5|1|
EE-BSC-A1-L40|EE-BSC-A1-L40-ACT-1|Warm-up|1|1|
EE-BSC-A1-L40|EE-BSC-A1-L40-ACT-2|Language Presentation|2|5|
EE-BSC-A1-L40|EE-BSC-A1-L40-ACT-3|Listening|3|5|
EE-BSC-A1-L40|EE-BSC-A1-L40-ACT-4|Language Practice|4|4|
EE-BSC-A1-L40|EE-BSC-A1-L40-ACT-5|Pronunciation|5|1|
EE-BSC-A1-L40|EE-BSC-A1-L40-ACT-6|Discussion|6|1|
EE-BSC-A1-L41|EE-BSC-A1-L41-ACT-1|Warm-up|1|1|missing slide
EE-BSC-A1-L41|EE-BSC-A1-L41-ACT-2|Language Presentation/Review|2|8|
EE-BSC-A1-L41|EE-BSC-A1-L41-ACT-3|Listening|3|5|
EE-BSC-A1-L41|EE-BSC-A1-L41-ACT-4|Language Practice|4|6|activities 3 and 4 in the same slide
EE-BSC-A1-L41|EE-BSC-A1-L41-ACT-5|Pronunciation|5|5|
EE-BSC-A1-L41|EE-BSC-A1-L41-ACT-6|Discussion|6|1|
EE-BSC-A1-L42|EE-BSC-A1-L42-ACT-1|Warm-up|1|1|
EE-BSC-A1-L42|EE-BSC-A1-L42-ACT-2|Language Presentation/Review|2|8|
EE-BSC-A1-L42|EE-BSC-A1-L42-ACT-3|Listening|3|2|duplicated slide
EE-BSC-A1-L42|EE-BSC-A1-L42-ACT-4|Language Practice|4|5|activities 3 and 4 in the same slide
EE-BSC-A1-L42|EE-BSC-A1-L42-ACT-5|Pronunciation|5|1|
EE-BSC-A1-L42|EE-BSC-A1-L42-ACT-6|Discussion|6|1|
EE-BSC-A1-L43|EE-BSC-A1-L43-ACT-1|Warm-up|1|1|
EE-BSC-A1-L43|EE-BSC-A1-L43-ACT-2|Language Presentation/Review|2|11|
EE-BSC-A1-L43|EE-BSC-A1-L43-ACT-3|Language Practice|3|7|
EE-BSC-A1-L43|EE-BSC-A1-L43-ACT-4|Role-play|4|2|
EE-BSC-A1-L44|EE-BSC-A1-L44-ACT-1|Warm-up|1|1|
EE-BSC-A1-L44|EE-BSC-A1-L44-ACT-2|Vocabulary|2|12|
EE-BSC-A1-L44|EE-BSC-A1-L44-ACT-3|Listening|3|9|
EE-BSC-A1-L44|EE-BSC-A1-L44-ACT-4|Pronunciation|4|4|
EE-BSC-A1-L44|EE-BSC-A1-L44-ACT-5|Language Practice|5|9|
EE-BSC-A1-L44|EE-BSC-A1-L44-ACT-6|Discussion|6|2|
EE-BSC-A1-L45|EE-BSC-A1-L45-ACT-1|Warm-up|1|1|
EE-BSC-A1-L45|EE-BSC-A1-L45-ACT-2|Language Presentation/Review|2|7|
EE-BSC-A1-L45|EE-BSC-A1-L45-ACT-3|Listening|3|5|
EE-BSC-A1-L45|EE-BSC-A1-L45-ACT-4|Language Practice|4|6|
EE-BSC-A1-L45|EE-BSC-A1-L45-ACT-5|Pronunciation|5|3|
EE-BSC-A1-L45|EE-BSC-A1-L45-ACT-6|Discussion|6|2|
EE-BSC-A1-L46|EE-BSC-A1-L46-ACT-1|Warm-up|1|1|
EE-BSC-A1-L46|EE-BSC-A1-L46-ACT-2|Language Presentation/Review|2|10|
EE-BSC-A1-L46|EE-BSC-A1-L46-ACT-3|Pronunciation|3|6|
EE-BSC-A1-L46|EE-BSC-A1-L46-ACT-4|Language Practice|4|13|
EE-BSC-A1-L46|EE-BSC-A1-L46-ACT-5|Role-play|5|1|
EE-BSC-A1-L47|EE-BSC-A1-L47-ACT-1|Warm-up|1|1|
EE-BSC-A1-L47|EE-BSC-A1-L47-ACT-2|Language Presentation/Review|2|9|
EE-BSC-A1-L47|EE-BSC-A1-L47-ACT-3|Listening|3|4|
EE-BSC-A1-L47|EE-BSC-A1-L47-ACT-4|Language Practice|4|3|activities 3 and 4 in the same slide
EE-BSC-A1-L47|EE-BSC-A1-L47-ACT-5|Pronunciation|5|6|
EE-BSC-A1-L47|EE-BSC-A1-L47-ACT-6|Role-play|6|1|
EE-BSC-A1-L48|EE-BSC-A1-L48-ACT-1|Warm-up|1|1|
EE-BSC-A1-L48|EE-BSC-A1-L48-ACT-2|Language Presentation/Review|2|8|
EE-BSC-A1-L48|EE-BSC-A1-L48-ACT-3|Listening|3|5|
EE-BSC-A1-L48|EE-BSC-A1-L48-ACT-4|Language Practice|4|7|activities 3 and 4
EE-BSC-A1-L48|EE-BSC-A1-L48-ACT-5|Pronunciation|5|5|
EE-BSC-A1-L48|EE-BSC-A1-L48-ACT-6|Discussion|6|1|
EE-BSC-A2-L1|EE-BSC-A2-L1-ACT-1|Warm-up|1|1|
EE-BSC-A2-L1|EE-BSC-A2-L1-ACT-2|Language Presentation/Review|2|16|
EE-BSC-A2-L1|EE-BSC-A2-L1-ACT-3|Language Practice|3|1|activities 2 and 3 in the same slide
EE-BSC-A2-L1|EE-BSC-A2-L1-ACT-4|Pronunciation|4|5|
EE-BSC-A2-L1|EE-BSC-A2-L1-ACT-5|Language Practice|5|11|
EE-BSC-A2-L1|EE-BSC-A2-L1-ACT-6|Role-play|6|1|
EE-BSC-A2-L2|EE-BSC-A2-L2-ACT-1|Warm-up|1|1|
EE-BSC-A2-L2|EE-BSC-A2-L2-ACT-2|Language Presentation/Review|2|11|
EE-BSC-A2-L2|EE-BSC-A2-L2-ACT-3|Listening|3|16|
EE-BSC-A2-L2|EE-BSC-A2-L2-ACT-4|Pronunciation|4|9|
EE-BSC-A2-L2|EE-BSC-A2-L2-ACT-5|Discussion|5|1|
EE-BSC-A2-L3|EE-BSC-A2-L3-ACT-1|Warm-up|1|1|
EE-BSC-A2-L3|EE-BSC-A2-L3-ACT-2|Language Presentation/Review|2|10|
EE-BSC-A2-L3|EE-BSC-A2-L3-ACT-3|Pronunciation|3|7|
EE-BSC-A2-L3|EE-BSC-A2-L3-ACT-4|Language Practice|4|1|
EE-BSC-A2-L3|EE-BSC-A2-L3-ACT-5|Dicussion|5|1|
EE-BSC-A2-L4|EE-BSC-A2-L4-ACT-1|Warm-up|1|1|
EE-BSC-A2-L4|EE-BSC-A2-L4-ACT-2|Vocabulary|2|13|
EE-BSC-A2-L4|EE-BSC-A2-L4-ACT-3|Reading|3|3|
EE-BSC-A2-L4|EE-BSC-A2-L4-ACT-4|Language Practice|4|7|
EE-BSC-A2-L4|EE-BSC-A2-L4-ACT-5|Role-play|5|1|
EE-BSC-A2-L5|EE-BSC-A2-L5-ACT-1|Warm-up|1|1|
EE-BSC-A2-L5|EE-BSC-A2-L5-ACT-2|Language Presentation/Review|2|13|
EE-BSC-A2-L5|EE-BSC-A2-L5-ACT-3|Pronunciation|3|5|
EE-BSC-A2-L5|EE-BSC-A2-L5-ACT-4|Language Practice|4|9|
EE-BSC-A2-L5|EE-BSC-A2-L5-ACT-5|Role-play|5|2|
EE-BSC-A2-L6|EE-BSC-A2-L6-ACT-1|Warm-up|1|1|
EE-BSC-A2-L6|EE-BSC-A2-L6-ACT-2|Language Presentation/Review|2|15|
EE-BSC-A2-L6|EE-BSC-A2-L6-ACT-3|Pronunciation|3|10|
EE-BSC-A2-L6|EE-BSC-A2-L6-ACT-4|Listening|4|6|
EE-BSC-A2-L6|EE-BSC-A2-L6-ACT-6|Discussion|6|1|
EE-BSC-A2-L6|EE-BSC-A2-L6-ACT-5|Language Practice|5|6|
EE-BSC-A2-L7|EE-BSC-A2-L7-ACT-1|Warm-up|1|1|
EE-BSC-A2-L7|EE-BSC-A2-L7-ACT-2|Language Presentation/Review|2|10|
EE-BSC-A2-L7|EE-BSC-A2-L7-ACT-3|Pronunciation|3|10|
EE-BSC-A2-L7|EE-BSC-A2-L7-ACT-4|Language Practice|4|1|
EE-BSC-A2-L7|EE-BSC-A2-L7-ACT-5|Discussion|5|1|
EE-BSC-A2-L8|EE-BSC-A2-L8-ACT-1|Warm-up|1|1|
EE-BSC-A2-L8|EE-BSC-A2-L8-ACT-2|Language Presentation/Review|2|10|
EE-BSC-A2-L8|EE-BSC-A2-L8-ACT-3|Listening|3|10|
EE-BSC-A2-L8|EE-BSC-A2-L8-ACT-4|Pronunciation|4|6|
EE-BSC-A2-L8|EE-BSC-A2-L8-ACT-5|Discussion|5|1|
EE-BSC-A2-L9|EE-BSC-A2-L9-ACT-1|Warm-up|1|1|
EE-BSC-A2-L9|EE-BSC-A2-L9-ACT-2|Language Presentation/Review|2|9|
EE-BSC-A2-L9|EE-BSC-A2-L9-ACT-3|Pronunciation|3|5|
EE-BSC-A2-L9|EE-BSC-A2-L9-ACT-4|Language Practice|4|7|
EE-BSC-A2-L9|EE-BSC-A2-L9-ACT-5|Discussion|5|1|
EE-BSC-A2-L10|EE-BSC-A2-L10-ACT-1|Warm-up|1|1|
EE-BSC-A2-L10|EE-BSC-A2-L10-ACT-2|Language Presentation/Review|2|3|
EE-BSC-A2-L10|EE-BSC-A2-L10-ACT-3|Listening|3|8|
EE-BSC-A2-L10|EE-BSC-A2-L10-ACT-4|Language Practice|4|7|
EE-BSC-A2-L10|EE-BSC-A2-L10-ACT-5|Pronunciation|5|8|
EE-BSC-A2-L10|EE-BSC-A2-L10-ACT-6|Role-play|6|1|
EE-BSC-A2-L11|EE-BSC-A2-L11-ACT-1|Warm-up|1|1|
EE-BSC-A2-L11|EE-BSC-A2-L11-ACT-2|Language Presentation/Review|2|7|
EE-BSC-A2-L11|EE-BSC-A2-L11-ACT-3|Language Practice|3|7|
EE-BSC-A2-L11|EE-BSC-A2-L11-ACT-4|Discussion|4|1|
EE-BSC-A2-L12|EE-BSC-A2-L12-ACT-1|Warm-up|1|1|
EE-BSC-A2-L12|EE-BSC-A2-L12-ACT-2|Language Presentation/Review|2|11|
EE-BSC-A2-L12|EE-BSC-A2-L12-ACT-3|Listening|3|4|actitvies 2 and 3 in the same slide
EE-BSC-A2-L12|EE-BSC-A2-L12-ACT-4|Language Practice|4|17|
EE-BSC-A2-L12|EE-BSC-A2-L12-ACT-5|Pronunciation|5|3|
EE-BSC-A2-L12|EE-BSC-A2-L12-ACT-6|Discussion|6|1|
EE-BSC-A2-L13|EE-BSC-A2-L13-ACT-1|Warm-up|1|1|
EE-BSC-A2-L13|EE-BSC-A2-L13-ACT-2|Language Presentation/Review|2|4|
EE-BSC-A2-L13|EE-BSC-A2-L13-ACT-3|Pronunciation|3|1|
EE-BSC-A2-L13|EE-BSC-A2-L13-ACT-4|Language Practice|4|16|
EE-BSC-A2-L13|EE-BSC-A2-L13-ACT-5|Discussion|5|1|
EE-BSC-A2-L14|EE-BSC-A2-L14-ACT-1|Warm-up|1|1|
EE-BSC-A2-L14|EE-BSC-A2-L14-ACT-2|Language Presentation/Review|2|23|
EE-BSC-A2-L14|EE-BSC-A2-L14-ACT-3|Pronunciation|3|1|
EE-BSC-A2-L14|EE-BSC-A2-L14-ACT-4|Language Practice|4|1|
EE-BSC-A2-L14|EE-BSC-A2-L14-ACT-5|Discussion|5|1|
EE-BSC-A2-L15|EE-BSC-A2-L15-ACT-1|Warm-up|1|1|
EE-BSC-A2-L15|EE-BSC-A2-L15-ACT-2|Language Presentation/Review|2|11|
EE-BSC-A2-L15|EE-BSC-A2-L15-ACT-3|Listening|3|11|
EE-BSC-A2-L15|EE-BSC-A2-L15-ACT-4|Pronunciation|4|6|
EE-BSC-A2-L15|EE-BSC-A2-L15-ACT-5|Discussion|5|1|
EE-BSC-A2-L16|EE-BSC-A2-L16-ACT-1|Warm-up|1|1|
EE-BSC-A2-L16|EE-BSC-A2-L16-ACT-2|Language Presentation/Review|2|11|
EE-BSC-A2-L16|EE-BSC-A2-L16-ACT-3|Pronunciation|3|7|
EE-BSC-A2-L16|EE-BSC-A2-L16-ACT-4|Language Practice|4|12|
EE-BSC-A2-L16|EE-BSC-A2-L16-ACT-5|Discussion|5|1|
EE-BSC-A2-L17|EE-BSC-A2-L17-ACT-1|Warm-up|1|7|
EE-BSC-A2-L17|EE-BSC-A2-L17-ACT-2|Language Presentation/Review|2|6|
EE-BSC-A2-L17|EE-BSC-A2-L17-ACT-3|Pronunciation|3|6|
EE-BSC-A2-L17|EE-BSC-A2-L17-ACT-4|Language Practice|4|9|
EE-BSC-A2-L17|EE-BSC-A2-L17-ACT-5|Discussion|5|1|
EE-BSC-A2-L18|EE-BSC-A2-L18-ACT-1|Warm-up|1|1|
EE-BSC-A2-L18|EE-BSC-A2-L18-ACT-2|Language Presentation/Review|2|9|
EE-BSC-A2-L18|EE-BSC-A2-L18-ACT-3|Listening|3|7|
EE-BSC-A2-L18|EE-BSC-A2-L18-ACT-4|Pronunciation|4|2|
EE-BSC-A2-L18|EE-BSC-A2-L18-ACT-5|Language Practice|5|6|
EE-BSC-A2-L18|EE-BSC-A2-L18-ACT-6|Discussion|6|1|
EE-BSC-A2-L19|EE-BSC-A2-L19-ACT-1|Warm-up|1|1|
EE-BSC-A2-L19|EE-BSC-A2-L19-ACT-2|Listening|2|5|activities 1 and 2 in the same slide
EE-BSC-A2-L19|EE-BSC-A2-L19-ACT-3|Language Review|3|11|
EE-BSC-A2-L19|EE-BSC-A2-L19-ACT-4|Pronunciation|4|5|
EE-BSC-A2-L19|EE-BSC-A2-L19-ACT-5|Language Practice|5|6|
EE-BSC-A2-L19|EE-BSC-A2-L19-ACT-6|Discussion|6|2|
EE-BSC-A2-L20|EE-BSC-A2-L20-ACT-1|Warm-up|1|1|
EE-BSC-A2-L20|EE-BSC-A2-L20-ACT-2|Language Presentation/Review|2|9|
EE-BSC-A2-L20|EE-BSC-A2-L20-ACT-3|Pronunciation|3|5|
EE-BSC-A2-L20|EE-BSC-A2-L20-ACT-4|Listening|4|6|
EE-BSC-A2-L20|EE-BSC-A2-L20-ACT-5|Language Practice|5|4|
EE-BSC-A2-L20|EE-BSC-A2-L20-ACT-6|Role-play|6|1|
EE-BSC-A2-L21|EE-BSC-A2-L21-ACT-1|Warm-up|1|1|
EE-BSC-A2-L21|EE-BSC-A2-L21-ACT-2|Language Presentation/Review|2|11|
EE-BSC-A2-L21|EE-BSC-A2-L21-ACT-3|Listening|3|7|
EE-BSC-A2-L21|EE-BSC-A2-L21-ACT-4|Language Practice|4|6|activities 3 and 4 in the same slide
EE-BSC-A2-L21|EE-BSC-A2-L21-ACT-5|Pronunciation|5|5|
EE-BSC-A2-L21|EE-BSC-A2-L21-ACT-6|Discussion|6|1|
EE-BSC-A2-L22|EE-BSC-A2-L22-ACT-1|Warm-up|1|1|
EE-BSC-A2-L22|EE-BSC-A2-L22-ACT-2|Language Presentation/Review|2|2|
EE-BSC-A2-L22|EE-BSC-A2-L22-ACT-3|Pronunciation|3|5|
EE-BSC-A2-L22|EE-BSC-A2-L22-ACT-4|Language Practice|4|6|
EE-BSC-A2-L22|EE-BSC-A2-L22-ACT-5|Role-play|5|1|
EE-BSC-A2-L23|EE-BSC-A2-L23-ACT-1|Warm-up|1|1|
EE-BSC-A2-L23|EE-BSC-A2-L23-ACT-2|Language Presentation/Review|2|11|
EE-BSC-A2-L23|EE-BSC-A2-L23-ACT-3|Pronunciation|3|13|
EE-BSC-A2-L23|EE-BSC-A2-L23-ACT-4|Listening|4|4|activities 3 and 4 in the same slide
EE-BSC-A2-L23|EE-BSC-A2-L23-ACT-5|Language Practice|5|5|
EE-BSC-A2-L23|EE-BSC-A2-L23-ACT-6|Discussion|6|1|
EE-BSC-A2-L24|EE-BSC-A2-L24-ACT-1|Warm-up|1|1|
EE-BSC-A2-L24|EE-BSC-A2-L24-ACT-2|Language Presentation/Review|2|5|
EE-BSC-A2-L24|EE-BSC-A2-L24-ACT-3|Pronunciation|3|7|
EE-BSC-A2-L24|EE-BSC-A2-L24-ACT-4|Language Practice|4|9|
EE-BSC-A2-L24|EE-BSC-A2-L24-ACT-5|Discussion|5|1|
EE-BSC-A2-L25|EE-BSC-A2-L25-ACT-1|Warm-up|1|1|
EE-BSC-A2-L25|EE-BSC-A2-L25-ACT-2|Language Presentation/Review|2|9|
EE-BSC-A2-L25|EE-BSC-A2-L25-ACT-3|Listening|3|8|
EE-BSC-A2-L25|EE-BSC-A2-L25-ACT-4|Language Practice|4|5|
EE-BSC-A2-L25|EE-BSC-A2-L25-ACT-5|Pronunciation|5|17|
EE-BSC-A2-L25|EE-BSC-A2-L25-ACT-6|Discussion|6|1|
EE-BSC-A2-L26|EE-BSC-A2-L26-ACT-1|Warm-up|1|1|
EE-BSC-A2-L26|EE-BSC-A2-L26-ACT-2|Language Presentation/Review|2|29|
EE-BSC-A2-L26|EE-BSC-A2-L26-ACT-3|Pronunciation|3|4|
EE-BSC-A2-L26|EE-BSC-A2-L26-ACT-4|Language Practice|4|1|
EE-BSC-A2-L26|EE-BSC-A2-L26-ACT-5|Discussion|5|1|
EE-BSC-A2-L27|EE-BSC-A2-L27-ACT-1|Warm-up|1|1|
EE-BSC-A2-L27|EE-BSC-A2-L27-ACT-2|Language Presentation/Review|2|1|
EE-BSC-A2-L27|EE-BSC-A2-L27-ACT-3|Pronunciation|3|4|
EE-BSC-A2-L27|EE-BSC-A2-L27-ACT-4|Listening|4|3|
EE-BSC-A2-L27|EE-BSC-A2-L27-ACT-5|Language Practice|5|8|
EE-BSC-A2-L27|EE-BSC-A2-L27-ACT-6|Discussion|6|1|
EE-BSC-A2-L28|EE-BSC-A2-L28-ACT-1|Warm-up|1|1|
EE-BSC-A2-L28|EE-BSC-A2-L28-ACT-2|Language Presentation/Review|2|17|
EE-BSC-A2-L28|EE-BSC-A2-L28-ACT-3|Pronunciation|3|6|
EE-BSC-A2-L28|EE-BSC-A2-L28-ACT-4|Language Practice|4|1|
EE-BSC-A2-L28|EE-BSC-A2-L28-ACT-5|Discussion|5|1|
EE-BSC-A2-L29|EE-BSC-A2-L29-ACT-1|Warm-up|1|1|
EE-BSC-A2-L29|EE-BSC-A2-L29-ACT-1|Language Presentation/Review|1|9|
EE-BSC-A2-L29|EE-BSC-A2-L29-ACT-3|Reading|3|6|
EE-BSC-A2-L29|EE-BSC-A2-L29-ACT-4|Pronunciation|4|13|activities 3 and 4 in the same slide
EE-BSC-A2-L29|EE-BSC-A2-L29-ACT-5|Language Practice|5|1|
EE-BSC-A2-L29|EE-BSC-A2-L29-ACT-6|Discussion|6|1|
EE-BSC-A2-L30|EE-BSC-A2-L30-ACT-1|Warm-up|1|1|
EE-BSC-A2-L30|EE-BSC-A2-L30-ACT-2|Language Presentation/Review|2|1|
EE-BSC-A2-L30|EE-BSC-A2-L30-ACT-3|Pronunciation|3|4|
EE-BSC-A2-L30|EE-BSC-A2-L30-ACT-4|Language Practice|4|11|
EE-BSC-A2-L30|EE-BSC-A2-L30-ACT-5|Discussion|5|1|
EE-BSC-A2-L31|EE-BSC-A2-L31-ACT-1|Warm-up|1|1|
EE-BSC-A2-L31|EE-BSC-A2-L31-ACT-2|Language Presentation/Review|2|11|
EE-BSC-A2-L31|EE-BSC-A2-L31-ACT-3|Listening|3|6|
EE-BSC-A2-L31|EE-BSC-A2-L31-ACT-4|Language Practice|4|7|
EE-BSC-A2-L31|EE-BSC-A2-L31-ACT-5|Pronunciation|5|1|
EE-BSC-A2-L31|EE-BSC-A2-L31-ACT-6|Discussion|6|1|
EE-BSC-A2-L32|EE-BSC-A2-L32-ACT-1|Warm-up|1|1|
EE-BSC-A2-L32|EE-BSC-A2-L32-ACT-2|Language Presentation/Review|2|13|
EE-BSC-A2-L32|EE-BSC-A2-L32-ACT-3|Pronunciation|3|6|
EE-BSC-A2-L32|EE-BSC-A2-L32-ACT-4|Language Practice|4|1|
EE-BSC-A2-L32|EE-BSC-A2-L32-ACT-5|Discussion|5|1|
EE-BSC-A2-L33|EE-BSC-A2-L33-ACT-1|Warm-up|1|1|
EE-BSC-A2-L33|EE-BSC-A2-L33-ACT-2|Language Presentation/Review|2|9|
EE-BSC-A2-L33|EE-BSC-A2-L33-ACT-3|Listening|3|7|
EE-BSC-A2-L33|EE-BSC-A2-L33-ACT-4|Language Practice|4|6|
EE-BSC-A2-L33|EE-BSC-A2-L33-ACT-5|Pronunciation|5|2|
EE-BSC-A2-L33|EE-BSC-A2-L33-ACT-6|Discussion|6|1|
EE-BSC-A2-L34|EE-BSC-A2-L34-ACT-1|Warm-up|1|2|
EE-BSC-A2-L34|EE-BSC-A2-L34-ACT-2|Language Presentation/Review|2|2|activities 1 and 2 in the same slide
EE-BSC-A2-L34|EE-BSC-A2-L34-ACT-3|Pronunciation|3|13|
EE-BSC-A2-L34|EE-BSC-A2-L34-ACT-4|Language Practice|4|1|
EE-BSC-A2-L34|EE-BSC-A2-L34-ACT-5|Discussion|5|1|
EE-BSC-A2-L35|EE-BSC-A2-L35-ACT-1|Warm-up|1|1|
EE-BSC-A2-L35|EE-BSC-A2-L35-ACT-2|Vocabulary|2|1|
EE-BSC-A2-L35|EE-BSC-A2-L35-ACT-3|Listening|3|8|
EE-BSC-A2-L35|EE-BSC-A2-L35-ACT-4|Pronunciation|4|11|
EE-BSC-A2-L35|EE-BSC-A2-L35-ACT-5|Language Practice|5|9|
EE-BSC-A2-L35|EE-BSC-A2-L35-ACT-6|Role-play|6|2|
EE-BSC-A2-L36|EE-BSC-A2-L36-ACT-1|Warm-up|1|1|
EE-BSC-A2-L36|EE-BSC-A2-L36-ACT-2|Language Presentation/Review|2|6|
EE-BSC-A2-L36|EE-BSC-A2-L36-ACT-3|Listening|3|4|
EE-BSC-A2-L36|EE-BSC-A2-L36-ACT-4|Language Practice|4|5|activities 3 and 4 in the same slide
EE-BSC-A2-L36|EE-BSC-A2-L36-ACT-5|Pronunciation|5|5|
EE-BSC-A2-L36|EE-BSC-A2-L36-ACT-6|Discussion|6|1|
EE-BSC-A2-L37|EE-BSC-A2-L37-ACT-1|Warm-up|1|6|
EE-BSC-A2-L37|EE-BSC-A2-L37-ACT-2|Language Presentation/Review|2|5|
EE-BSC-A2-L37|EE-BSC-A2-L37-ACT-3|Language Practice|3|9|
EE-BSC-A2-L37|EE-BSC-A2-L37-ACT-4|Pronunciation|4|10|
EE-BSC-A2-L37|EE-BSC-A2-L37-ACT-5|Unusual Experiences|5|1|
EE-BSC-A2-L37|EE-BSC-A2-L37-ACT-6|Discussion|6|1|
EE-BSC-A2-L38|EE-BSC-A2-L38-ACT-1|Warm-up|1|1|
EE-BSC-A2-L38|EE-BSC-A2-L38-ACT-2|Language Presentation/Review|2|6|
EE-BSC-A2-L38|EE-BSC-A2-L38-ACT-3|Listening|3|5|
EE-BSC-A2-L38|EE-BSC-A2-L38-ACT-4|Language Practice|4|5|
EE-BSC-A2-L38|EE-BSC-A2-L38-ACT-5|Pronunciation|5|2|
EE-BSC-A2-L38|EE-BSC-A2-L38-ACT-6|Discussion|6|1|
EE-BSC-A2-L39|EE-BSC-A2-L39-ACT-1|Warm-up|1|1|
EE-BSC-A2-L39|EE-BSC-A2-L39-ACT-2|Language Presentation/Review|2|8|
EE-BSC-A2-L39|EE-BSC-A2-L39-ACT-3|Pronunciation|3|7|
EE-BSC-A2-L39|EE-BSC-A2-L39-ACT-4|Language Practice|4|8|
EE-BSC-A2-L39|EE-BSC-A2-L39-ACT-5|Discussion|5|1|
EE-BSC-A2-L40|EE-BSC-A2-L40-ACT-1|Warm-up|1|1|
EE-BSC-A2-L40|EE-BSC-A2-L40-ACT-2|Language Presentation/Review|2|1|
EE-BSC-A2-L40|EE-BSC-A2-L40-ACT-3|Listening|3|18|
EE-BSC-A2-L40|EE-BSC-A2-L40-ACT-4|Pronunciation|4|7|
EE-BSC-A2-L40|EE-BSC-A2-L40-ACT-5|Role-play|5|1|
EE-BSC-A2-L41|EE-BSC-A2-L41-ACT-1|Warm-up|1|1|
EE-BSC-A2-L41|EE-BSC-A2-L41-ACT-2|Language Presentation/Review|2|18|
EE-BSC-A2-L41|EE-BSC-A2-L41-ACT-3|Language Practice|3|10|activities 2 and 3 in the same slide
EE-BSC-A2-L41|EE-BSC-A2-L41-ACT-4|Pronunciation|4|8|
EE-BSC-A2-L41|EE-BSC-A2-L41-ACT-5|Language Practice|5|8|
EE-BSC-A2-L41|EE-BSC-A2-L41-ACT-6|Pair-work|6|1|
EE-BSC-A2-L42|EE-BSC-A2-L42-ACT-1|Warm-up|1|1|
EE-BSC-A2-L42|EE-BSC-A2-L42-ACT-2|Language Presentation/Review|2|7|
EE-BSC-A2-L42|EE-BSC-A2-L42-ACT-3|Listening|3|5|
EE-BSC-A2-L42|EE-BSC-A2-L42-ACT-4|Language Practice|4|5|
EE-BSC-A2-L42|EE-BSC-A2-L42-ACT-5|Pronunciation|5|2|
EE-BSC-A2-L42|EE-BSC-A2-L42-ACT-6|Discussion|6|1|
EE-BSC-A2-L43|EE-BSC-A2-L43-ACT-1|Warm-up|1|1|
EE-BSC-A2-L43|EE-BSC-A2-L43-ACT-2|Language Presentation/Review|2|8|
EE-BSC-A2-L43|EE-BSC-A2-L43-ACT-3|Pronunciation|3|5|
EE-BSC-A2-L43|EE-BSC-A2-L43-ACT-4|Language Practice|4|10|
EE-BSC-A2-L43|EE-BSC-A2-L43-ACT-5|Role-play|5|1|
EE-BSC-A2-L44|EE-BSC-A2-L44-ACT-1|Warm-up|1|1|
EE-BSC-A2-L44|EE-BSC-A2-L44-ACT-2|Language Presentation/Review|2|11|
EE-BSC-A2-L44|EE-BSC-A2-L44-ACT-3|Listening|3|6|
EE-BSC-A2-L44|EE-BSC-A2-L44-ACT-4|Pronunciation|4|7|
EE-BSC-A2-L44|EE-BSC-A2-L44-ACT-5|Language Practice|5|13|
EE-BSC-A2-L44|EE-BSC-A2-L44-ACT-6|Discussion|6|1|
EE-BSC-A2-L45|EE-BSC-A2-L45-ACT-1|Warm-up|1|1|
EE-BSC-A2-L45|EE-BSC-A2-L45-ACT-2|Language Presentation/Review|2|16|
EE-BSC-A2-L45|EE-BSC-A2-L45-ACT-3|Pronunciation|3|2|
EE-BSC-A2-L45|EE-BSC-A2-L45-ACT-4|Language Practice|4|2|
EE-BSC-A2-L45|EE-BSC-A2-L45-ACT-5|Discussion|5|1|
EE-BSC-A2-L46|EE-BSC-A2-L46-ACT-1|Warm-up|1|1|
EE-BSC-A2-L46|EE-BSC-A2-L46-ACT-2|Language Presentation/Review|2|11|
EE-BSC-A2-L46|EE-BSC-A2-L46-ACT-3|Pronunciation|3|10|
EE-BSC-A2-L46|EE-BSC-A2-L46-ACT-4|Listening|4|8|
EE-BSC-A2-L46|EE-BSC-A2-L46-ACT-5|Language Practice|5|9|
EE-BSC-A2-L46|EE-BSC-A2-L46-ACT-6|Discussion|6|1|
EE-BSC-A2-L47|EE-BSC-A2-L47-ACT-1|Warm-up|1|1|
EE-BSC-A2-L47|EE-BSC-A2-L47-ACT-2|Language Presentation/Review|2|11|
EE-BSC-A2-L47|EE-BSC-A2-L47-ACT-3|Pronunciation|3|6|
EE-BSC-A2-L47|EE-BSC-A2-L47-ACT-4|Language Practice|4|1|
EE-BSC-A2-L47|EE-BSC-A2-L47-ACT-5|Discussion|5|1|
EE-BSC-A2-L48|EE-BSC-A2-L48-ACT-1|Warm-up|1|1|
EE-BSC-A2-L48|EE-BSC-A2-L48-ACT-2|Vocabulary|2|9|
EE-BSC-A2-L48|EE-BSC-A2-L48-ACT-3|Listening|3|6|
EE-BSC-A2-L48|EE-BSC-A2-L48-ACT-4|Pronunciation|4|7|
EE-BSC-A2-L48|EE-BSC-A2-L48-ACT-5|Language Practice|5|6|
EE-BSC-A2-L48|EE-BSC-A2-L48-ACT-6|Discussion|6|1|
EE-IND-B1-L1|EE-IND-B1-L1-ACT-1|Warm-up|1|1|
EE-IND-B1-L1|EE-IND-B1-L1-ACT-2|Listening|2|3|activities 1 and 2 in the same slide
EE-IND-B1-L1|EE-IND-B1-L1-ACT-3|Language Presentation/Review|3|11|
EE-IND-B1-L1|EE-IND-B1-L1-ACT-4|Pronunciation|4|22|
EE-IND-B1-L1|EE-IND-B1-L1-ACT-5|Language Practice|5|1|
EE-IND-B1-L1|EE-IND-B1-L1-ACT-6|Role-play|6|1|
EE-IND-B1-L2|EE-IND-B1-L2-ACT-1|Warm-up|1|1|
EE-IND-B1-L2|EE-IND-B1-L2-ACT-2|Language Presentation/Review|2|17|
EE-IND-B1-L2|EE-IND-B1-L2-ACT-3|Pronunciation|3|6|
EE-IND-B1-L2|EE-IND-B1-L2-ACT-4|Grammar Practice|4|1|
EE-IND-B1-L2|EE-IND-B1-L2-ACT-5|Discussion|5|1|
EE-IND-B1-L3|EE-IND-B1-L3-ACT-1|Warm-up|1|1|
EE-IND-B1-L3|EE-IND-B1-L3-ACT-2|Language Presentation/Review|2|5|
EE-IND-B1-L3|EE-IND-B1-L3-ACT-3|Listening|3|6|
EE-IND-B1-L3|EE-IND-B1-L3-ACT-4|Pronunciation|4|6|
EE-IND-B1-L3|EE-IND-B1-L3-ACT-5|Language Practice|5|9|
EE-IND-B1-L3|EE-IND-B1-L3-ACT-6|Discussion|6|1|
EE-IND-B1-L4|EE-IND-B1-L4-ACT-1|Warm-up|1|1|
EE-IND-B1-L4|EE-IND-B1-L4-ACT-2|Language Presentation/Review|2|12|
EE-IND-B1-L4|EE-IND-B1-L4-ACT-3|Reading|3|12|
EE-IND-B1-L4|EE-IND-B1-L4-ACT-4|Pronunciation|4|7|
EE-IND-B1-L4|EE-IND-B1-L4-ACT-5|Discussion|5|1|
EE-IND-B1-L5|EE-IND-B1-L5-ACT-1|Warm-up|1|1|
EE-IND-B1-L5|EE-IND-B1-L5-ACT-2|Vocabulary|2|10|
EE-IND-B1-L5|EE-IND-B1-L5-ACT-3|Listening|3|10|
EE-IND-B1-L5|EE-IND-B1-L5-ACT-4|Pronunciation|4|6|
EE-IND-B1-L5|EE-IND-B1-L5-ACT-5|Discussion|5|1|
EE-IND-B1-L6|EE-IND-B1-L6-ACT-1|Warm-up|1|1|
EE-IND-B1-L6|EE-IND-B1-L6-ACT-2|Language Presentation/Review|2|4|
EE-IND-B1-L6|EE-IND-B1-L6-ACT-3|Pronunciation|3|2|
EE-IND-B1-L6|EE-IND-B1-L6-ACT-4|Language Practice|4|10|
EE-IND-B1-L6|EE-IND-B1-L6-ACT-5|Discussion|5|1|
EE-IND-B1-L7|EE-IND-B1-L7-ACT-1|Warm-up|1|1|
EE-IND-B1-L7|EE-IND-B1-L7-ACT-2|Language Presentation/Review|2|31|
EE-IND-B1-L7|EE-IND-B1-L7-ACT-3|Listening|3|8|
EE-IND-B1-L7|EE-IND-B1-L7-ACT-4|Pronunciation|4|11|
EE-IND-B1-L7|EE-IND-B1-L7-ACT-5|Role-play|5|1|
EE-IND-B1-L8|EE-IND-B1-L8-ACT-1|Warm-up|1|1|
EE-IND-B1-L8|EE-IND-B1-L8-ACT-2|Language - Vocabulary|2|13|
EE-IND-B1-L8|EE-IND-B1-L8-ACT-3|Listening|3|6|activities 2 and 3 in the same slide
EE-IND-B1-L8|EE-IND-B1-L8-ACT-4|Pronunciation|4|7|
EE-IND-B1-L8|EE-IND-B1-L8-ACT-5|Language Practice|5|13|
EE-IND-B1-L8|EE-IND-B1-L8-ACT-6|Role-play|6|1|
EE-IND-B1-L9|EE-IND-B1-L9-ACT-1|Warm-up|1|1|
EE-IND-B1-L9|EE-IND-B1-L9-ACT-2|Language Presentation/Review|2|1|
EE-IND-B1-L9|EE-IND-B1-L9-ACT-3|Listening|3|16|
EE-IND-B1-L9|EE-IND-B1-L9-ACT-4|Pronunciation|4|6|
EE-IND-B1-L9|EE-IND-B1-L9-ACT-5|Discussion|5|2|
EE-IND-B1-L10|EE-IND-B1-L10-ACT-1|Warm-up|1|1|
EE-IND-B1-L10|EE-IND-B1-L10-ACT-2|Listening|2|6|
EE-IND-B1-L10|EE-IND-B1-L10-ACT-3|Language Review|3|11|
EE-IND-B1-L10|EE-IND-B1-L10-ACT-4|Pronunciation|4|6|
EE-IND-B1-L10|EE-IND-B1-L10-ACT-5|Language Practice|5|1|
EE-IND-B1-L10|EE-IND-B1-L10-ACT-6|Role-play|6|1|
EE-IND-B1-L11|EE-IND-B1-L11-ACT-1|Warm-up|1|1|
EE-IND-B1-L11|EE-IND-B1-L11-ACT-2|Vocabulary|2|15|
EE-IND-B1-L11|EE-IND-B1-L11-ACT-3|Listening|3|8|
EE-IND-B1-L11|EE-IND-B1-L11-ACT-4|Language Practice|4|7|
EE-IND-B1-L11|EE-IND-B1-L11-ACT-5|Pronunciation|5|1|
EE-IND-B1-L11|EE-IND-B1-L11-ACT-6|Describing Someone|6|1|
EE-IND-B1-L12|EE-IND-B1-L12-ACT-1|Warm-up|1|1|
EE-IND-B1-L12|EE-IND-B1-L12-ACT-2|Language Presentation/Review|2|1|
EE-IND-B1-L12|EE-IND-B1-L12-ACT-3|Listening|3|6|
EE-IND-B1-L12|EE-IND-B1-L12-ACT-4|Language Practice|4|3|
EE-IND-B1-L12|EE-IND-B1-L12-ACT-5|Pronunciation|5|5|
EE-IND-B1-L12|EE-IND-B1-L12-ACT-6|Role-play|6|1|
EE-IND-B1-L13|EE-IND-B1-L13-ACT-1|Warm-up|1|1|
EE-IND-B1-L13|EE-IND-B1-L13-ACT-2|Vocabulary|2|7|activities 1 and 2 in the same slide
EE-IND-B1-L13|EE-IND-B1-L13-ACT-3|Listening|3|6|
EE-IND-B1-L13|EE-IND-B1-L13-ACT-4|Language Practice|4|6|
EE-IND-B1-L13|EE-IND-B1-L13-ACT-5|Pronunciation|5|6|
EE-IND-B1-L13|EE-IND-B1-L13-ACT-6|Role-play|6|1|
EE-IND-B1-L14|EE-IND-B1-L14-ACT-1|Warm-up|1|1|
EE-IND-B1-L14|EE-IND-B1-L14-ACT-2|Language Presentation/Review|2|7|
EE-IND-B1-L14|EE-IND-B1-L14-ACT-3|Pronunciation|3|3|
EE-IND-B1-L14|EE-IND-B1-L14-ACT-4|Language Presentation/Review|4|8|
EE-IND-B1-L14|EE-IND-B1-L14-ACT-5|Role-play/Discussion|5|1|
EE-IND-B1-L15|EE-IND-B1-L15-ACT-1|Warm-up|1|1|
EE-IND-B1-L15|EE-IND-B1-L15-ACT-2|Vocabulary|2|12|
EE-IND-B1-L15|EE-IND-B1-L15-ACT-3|Listening|3|2|
EE-IND-B1-L15|EE-IND-B1-L15-ACT-4|Language Practice|4|9|
EE-IND-B1-L15|EE-IND-B1-L15-ACT-5|Pronunciation|5|3|
EE-IND-B1-L15|EE-IND-B1-L15-ACT-6|Discussion|6|1|
EE-IND-B1-L16|EE-IND-B1-L16-ACT-1|Warm-up|1|1|
EE-IND-B1-L16|EE-IND-B1-L16-ACT-2|Language Presentation/Review|2|11|
EE-IND-B1-L16|EE-IND-B1-L16-ACT-3|Listening|3|6|
EE-IND-B1-L16|EE-IND-B1-L16-ACT-4|Language Practice|4|7|
EE-IND-B1-L16|EE-IND-B1-L16-ACT-5|Pronunciation|5|15|
EE-IND-B1-L16|EE-IND-B1-L16-ACT-6|Discussion|6|1|
EE-IND-B1-L17|EE-IND-B1-L17-ACT-1|Warm-up|1|1|
EE-IND-B1-L17|EE-IND-B1-L17-ACT-2|Language Presentation/Review|2|11|
EE-IND-B1-L17|EE-IND-B1-L17-ACT-3|Language Practice|3|5|
EE-IND-B1-L17|EE-IND-B1-L17-ACT-4|Pronunciation|4|2|activities 3 and 4 in the same slide
EE-IND-B1-L17|EE-IND-B1-L17-ACT-5|Discussion|5|1|
EE-IND-B1-L18|EE-IND-B1-L18-ACT-1|Warm-up|1|1|
EE-IND-B1-L18|EE-IND-B1-L18-ACT-2|Language Presentation/Review|2|7|
EE-IND-B1-L18|EE-IND-B1-L18-ACT-3|Listening|3|5|
EE-IND-B1-L18|EE-IND-B1-L18-ACT-4|Language Practice|4|8|
EE-IND-B1-L18|EE-IND-B1-L18-ACT-5|Pronunciation|5|1|
EE-IND-B1-L18|EE-IND-B1-L18-ACT-6|Discussion|6|1|
EE-IND-B1-L19|EE-IND-B1-L19-ACT-1|Warm-up|1|1|
EE-IND-B1-L19|EE-IND-B1-L19-ACT-2|Language Presentation/Review|2|13|
EE-IND-B1-L19|EE-IND-B1-L19-ACT-3|Pronunciation|3|6|
EE-IND-B1-L19|EE-IND-B1-L19-ACT-4|Language Practice|4|9|
EE-IND-B1-L19|EE-IND-B1-L19-ACT-5|Role-play|5|1|
EE-IND-B1-L20|EE-IND-B1-L20-ACT-1|Warm-up|1|1|
EE-IND-B1-L20|EE-IND-B1-L20-ACT-2|Language Presentation/Review|2|11|actitivies 1 and 2 in the same slide
EE-IND-B1-L20|EE-IND-B1-L20-ACT-3|Pronunciation|3|1|
EE-IND-B1-L20|EE-IND-B1-L20-ACT-4|Listening|4|6|
EE-IND-B1-L20|EE-IND-B1-L20-ACT-5|Language Practice|5|6|
EE-IND-B1-L20|EE-IND-B1-L20-ACT-6|Discussion|6|1|
EE-IND-B1-L21|EE-IND-B1-L21-ACT-1|Warm-up|1|1|
EE-IND-B1-L21|EE-IND-B1-L21-ACT-2|Language Presentation/Review|2|13|
EE-IND-B1-L21|EE-IND-B1-L21-ACT-3|Pronunciation|3|7|
EE-IND-B1-L21|EE-IND-B1-L21-ACT-4|Language Practice|4|1|
EE-IND-B1-L21|EE-IND-B1-L21-ACT-5|Role-play|5|1|
EE-IND-B1-L22|EE-IND-B1-L22-ACT-1|Warm-up|1|1|
EE-IND-B1-L22|EE-IND-B1-L22-ACT-2|Language Presentation/Review|2|4|
EE-IND-B1-L22|EE-IND-B1-L22-ACT-3|Listening|3|5|
EE-IND-B1-L22|EE-IND-B1-L22-ACT-4|Language Practice|4|6|
EE-IND-B1-L22|EE-IND-B1-L22-ACT-5|Pronunciation|5|7|
EE-IND-B1-L22|EE-IND-B1-L22-ACT-6|Discussion|6|1|
EE-IND-B1-L23|EE-IND-B1-L23-ACT-1|Warm-up|1|1|
EE-IND-B1-L23|EE-IND-B1-L23-ACT-2|Language Presentation/Review|2|9|
EE-IND-B1-L23|EE-IND-B1-L23-ACT-3|Pronunciation|3|6|
EE-IND-B1-L23|EE-IND-B1-L23-ACT-4|Language Practice|4|7|
EE-IND-B1-L23|EE-IND-B1-L23-ACT-5|Role-play|5|2|
EE-IND-B1-L24|EE-IND-B1-L24-ACT-1|Warm-up|1|1|
EE-IND-B1-L24|EE-IND-B1-L24-ACT-2|Vocabulary|2|9|activities 1 and 2 in the same slide
EE-IND-B1-L24|EE-IND-B1-L24-ACT-3|Listening|3|2|
EE-IND-B1-L24|EE-IND-B1-L24-ACT-4|Language Practice|4|8|
EE-IND-B1-L24|EE-IND-B1-L24-ACT-5|Pronunciation|5|12|
EE-IND-B1-L24|EE-IND-B1-L24-ACT-6|Discussion|6|1|
EE-IND-B1-L25|EE-IND-B1-L25-ACT-1|Warm-up|1|1|
EE-IND-B1-L25|EE-IND-B1-L25-ACT-2|Language Presentation/Review|2|48|
EE-IND-B1-L25|EE-IND-B1-L25-ACT-3|Pronunciation|3|1|
EE-IND-B1-L25|EE-IND-B1-L25-ACT-4|Language Practice|4|1|
EE-IND-B1-L25|EE-IND-B1-L25-ACT-5|Role-play|5|1|
EE-IND-B1-L26|EE-IND-B1-L26-ACT-1|Warm-up|1|1|
EE-IND-B1-L26|EE-IND-B1-L26-ACT-2|Language Presentation/Review|2|4|
EE-IND-B1-L26|EE-IND-B1-L26-ACT-3|Listening|3|6|
EE-IND-B1-L26|EE-IND-B1-L26-ACT-4|Language Practice|4|4|
EE-IND-B1-L26|EE-IND-B1-L26-ACT-5|Pronunciation|5|5|
EE-IND-B1-L26|EE-IND-B1-L26-ACT-6|Discussion|6|1|
EE-IND-B1-L27|EE-IND-B1-L27-ACT-1|Warm-up|1|1|
EE-IND-B1-L27|EE-IND-B1-L27-ACT-2|Language Presentation/Review|2|10|
EE-IND-B1-L27|EE-IND-B1-L27-ACT-3|Pronunciation|3|1|
EE-IND-B1-L27|EE-IND-B1-L27-ACT-4|Language Practice|4|11|
EE-IND-B1-L27|EE-IND-B1-L27-ACT-5|Role-play|5|1|
EE-IND-B1-L28|EE-IND-B1-L28-ACT-1|Warm-up|1|1|
EE-IND-B1-L28|EE-IND-B1-L28-ACT-2|Vocabulary|2|4|
EE-IND-B1-L28|EE-IND-B1-L28-ACT-3|Listening|3|6|
EE-IND-B1-L28|EE-IND-B1-L28-ACT-4|Pronunciation|4|10|
EE-IND-B1-L28|EE-IND-B1-L28-ACT-5|Language Practice|5|1|
EE-IND-B1-L28|EE-IND-B1-L28-ACT-6|Discussion|6|1|
EE-IND-B1-L29|EE-IND-B1-L29-ACT-1|Warm-up|1|1|
EE-IND-B1-L29|EE-IND-B1-L29-ACT-2|Language Presentation/Review|2|14|Missing Slides
EE-IND-B1-L29|EE-IND-B1-L29-ACT-3|Pronunciation|3|7|
EE-IND-B1-L29|EE-IND-B1-L29-ACT-4|Language Practice|4|6|
EE-IND-B1-L29|EE-IND-B1-L29-ACT-5|Discussion|5|1|
EE-IND-B1-L30|EE-IND-B1-L30-ACT-1|Warm-up|1|1|
EE-IND-B1-L30|EE-IND-B1-L30-ACT-2|Language Presentation/Review|2|9|activities 1 and 2 in the same slide
EE-IND-B1-L30|EE-IND-B1-L30-ACT-3|Pronunciation|3|2|
EE-IND-B1-L30|EE-IND-B1-L30-ACT-4|Listening|4|9|
EE-IND-B1-L30|EE-IND-B1-L30-ACT-5|Language Practice|5|6|
EE-IND-B1-L30|EE-IND-B1-L30-ACT-6|Discussion|6|1|
EE-IND-B1-L31|EE-IND-B1-L31-ACT-1|Warm-up|1|2|
EE-IND-B1-L31|EE-IND-B1-L31-ACT-2|Language Presentation/Review|2|7|
EE-IND-B1-L31|EE-IND-B1-L31-ACT-3|Pronunciation|3|5|
EE-IND-B1-L31|EE-IND-B1-L31-ACT-4|Grammar Practice|4|2|
EE-IND-B1-L31|EE-IND-B1-L31-ACT-5|Role-play|5|1|
EE-IND-B1-L32|EE-IND-B1-L32-ACT-1|Warm-up|1|1|
EE-IND-B1-L32|EE-IND-B1-L32-ACT-2|Language Presentation/Review|2|9|
EE-IND-B1-L32|EE-IND-B1-L32-ACT-3|Pronunciation|3|5|
EE-IND-B1-L32|EE-IND-B1-L32-ACT-4|Language Practice|4|1|
EE-IND-B1-L32|EE-IND-B1-L32-ACT-5|Listening|5|2|
EE-IND-B1-L32|EE-IND-B1-L32-ACT-6|Discussion|6|1|
EE-IND-B1-L33|EE-IND-B1-L33-ACT-1|Warm-up|1|1|
EE-IND-B1-L33|EE-IND-B1-L33-ACT-2|Language Presentation/Review|2|11|
EE-IND-B1-L33|EE-IND-B1-L33-ACT-3|Pronunciation|3|6|
EE-IND-B1-L33|EE-IND-B1-L33-ACT-4|Language Practice|4|1|
EE-IND-B1-L33|EE-IND-B1-L33-ACT-5|Discussion|5|1|
EE-IND-B1-L34|EE-IND-B1-L34-ACT-1|Warm-up|1|1|
EE-IND-B1-L34|EE-IND-B1-L34-ACT-2|Language Presentation/Review|2|3|
EE-IND-B1-L34|EE-IND-B1-L34-ACT-3|Pronunciation|3|2|
EE-IND-B1-L34|EE-IND-B1-L34-ACT-4|Reading|4|2|
EE-IND-B1-L34|EE-IND-B1-L34-ACT-5|Language Practice|5|3|
EE-IND-B1-L34|EE-IND-B1-L34-ACT-6|Discussion|6|1|
EE-IND-B1-L35|EE-IND-B1-L35-ACT-1|Warm-up|1|1|
EE-IND-B1-L35|EE-IND-B1-L35-ACT-2|Language Presentation/Review|2|16|
EE-IND-B1-L35|EE-IND-B1-L35-ACT-3|Pronunciation|3|5|
EE-IND-B1-L35|EE-IND-B1-L35-ACT-4|Language Practice|4|9|
EE-IND-B1-L35|EE-IND-B1-L35-ACT-5|Discussion|5|1|
EE-IND-B1-L36|EE-IND-B1-L36-ACT-1|Warm-up|1|1|
EE-IND-B1-L36|EE-IND-B1-L36-ACT-2|Language Presentation/Review|2|5|
EE-IND-B1-L36|EE-IND-B1-L36-ACT-3|Language Practice|3|7|
EE-IND-B1-L36|EE-IND-B1-L36-ACT-4|Pronunciation|4|5|
EE-IND-B1-L36|EE-IND-B1-L36-ACT-5|Role-play|5|2|
EE-IND-B1-L37|EE-IND-B1-L37-ACT-1|Warm-up|1|1|
EE-IND-B1-L37|EE-IND-B1-L37-ACT-2|Vocabulary|2|9|
EE-IND-B1-L37|EE-IND-B1-L37-ACT-3|Listening|3|6|
EE-IND-B1-L37|EE-IND-B1-L37-ACT-4|Pronunciation|4|3|
EE-IND-B1-L37|EE-IND-B1-L37-ACT-5|Language Practice|5|6|
EE-IND-B1-L37|EE-IND-B1-L37-ACT-6|Discussion|6|1|
EE-IND-B1-L38|EE-IND-B1-L38-ACT-1|Warm-up|1|1|
EE-IND-B1-L38|EE-IND-B1-L38-ACT-2|Language Presentation/Review|2|9|
EE-IND-B1-L38|EE-IND-B1-L38-ACT-3|Pronunciation|3|2|
EE-IND-B1-L38|EE-IND-B1-L38-ACT-4|Language Practice|4|8|
EE-IND-B1-L38|EE-IND-B1-L38-ACT-5|Discussion|5|1|
EE-IND-B1-L39|EE-IND-B1-L39-ACT-1|Warm-up|1|1|activities warm-up and 1 in the same slide
EE-IND-B1-L39|EE-IND-B1-L39-ACT-2|Language Presentation/Review|2|7|
EE-IND-B1-L39|EE-IND-B1-L39-ACT-3|Pronunciation|3|7|activities 2 and 3 in the same slide
EE-IND-B1-L39|EE-IND-B1-L39-ACT-4|Language Practice|4|1|
EE-IND-B1-L39|EE-IND-B1-L39-ACT-5|Role-play|5|2|
EE-IND-B1-L40|EE-IND-B1-L40-ACT-1|Warm-up|1|1|
EE-IND-B1-L40|EE-IND-B1-L40-ACT-2|Language Presentation/Review|2|5|
EE-IND-B1-L40|EE-IND-B1-L40-ACT-3|Listening|3|5|
EE-IND-B1-L40|EE-IND-B1-L40-ACT-4|Language Practice|4|4|
EE-IND-B1-L40|EE-IND-B1-L40-ACT-5|Pronunciation|5|7|
EE-IND-B1-L40|EE-IND-B1-L40-ACT-6|Role-play|6|1|
EE-IND-B1-L41|EE-IND-B1-L41-ACT-1|Warm-up|1|1|
EE-IND-B1-L41|EE-IND-B1-L41-ACT-2|Language Presentation/Review|2|7|
EE-IND-B1-L41|EE-IND-B1-L41-ACT-3|Pronunciation|3|4|
EE-IND-B1-L41|EE-IND-B1-L41-ACT-4|Language Practice|4|11|
EE-IND-B1-L41|EE-IND-B1-L41-ACT-5|Discussion|5|1|
EE-IND-B1-L42|EE-IND-B1-L42-ACT-1|Warm-up|1|1|
EE-IND-B1-L42|EE-IND-B1-L42-ACT-2|Language Presentation/Review|2|10|
EE-IND-B1-L42|EE-IND-B1-L42-ACT-3|Pronunciation|3|9|
EE-IND-B1-L42|EE-IND-B1-L42-ACT-4|Language Practice|4|17|
EE-IND-B1-L42|EE-IND-B1-L42-ACT-5|Discussion|5|1|
EE-IND-B1-L43|EE-IND-B1-L43-ACT-1|Warm-up|1|1|
EE-IND-B1-L43|EE-IND-B1-L43-ACT-2|Language Practice|2|8|
EE-IND-B1-L43|EE-IND-B1-L43-ACT-3|Pronunciation|3|5|
EE-IND-B1-L43|EE-IND-B1-L43-ACT-4|Listening|4|11|
EE-IND-B1-L43|EE-IND-B1-L43-ACT-5|Role-play|5|2|
EE-IND-B1-L44|EE-IND-B1-L44-ACT-1|Warm-up|1|1|
EE-IND-B1-L44|EE-IND-B1-L44-ACT-2|Language Presentation/Review|2|8|
EE-IND-B1-L44|EE-IND-B1-L44-ACT-3|Pronunciation|3|6|
EE-IND-B1-L44|EE-IND-B1-L44-ACT-4|Language Practice|4|9|
EE-IND-B1-L44|EE-IND-B1-L44-ACT-5|Role-play|5|1|
EE-IND-B1-L45|EE-IND-B1-L45-ACT-1|Warm-up|1|1|
EE-IND-B1-L45|EE-IND-B1-L45-ACT-2|Language Presentation/Review|2|22|
EE-IND-B1-L45|EE-IND-B1-L45-ACT-3|Pronunciation|3|2|
EE-IND-B1-L45|EE-IND-B1-L45-ACT-4|Language Practice|4|1|
EE-IND-B1-L45|EE-IND-B1-L45-ACT-5|Role-play|5|1|
EE-IND-B1-L46|EE-IND-B1-L46-ACT-1|Warm-up|1|1|
EE-IND-B1-L46|EE-IND-B1-L46-ACT-2|Vocabulary|2|7|
EE-IND-B1-L46|EE-IND-B1-L46-ACT-3|Pronunciation|3|6|
EE-IND-B1-L46|EE-IND-B1-L46-ACT-4|Listening|4|3|
EE-IND-B1-L46|EE-IND-B1-L46-ACT-5|Language Practice|5|8|
EE-IND-B1-L46|EE-IND-B1-L46-ACT-6|Discussion|6|1|
EE-IND-B1-L47|EE-IND-B1-L47-ACT-1|Warm-up|1|1|
EE-IND-B1-L47|EE-IND-B1-L47-ACT-2|Language Presentation/Review|2|10|
EE-IND-B1-L47|EE-IND-B1-L47-ACT-3|Pronunciation|3|6|
EE-IND-B1-L47|EE-IND-B1-L47-ACT-4|Language Practice|4|9|
EE-IND-B1-L47|EE-IND-B1-L47-ACT-5|Discussion|5|1|
EE-IND-B1-L48|EE-IND-B1-L48-ACT-1|Warm-up|1|1|
EE-IND-B1-L48|EE-IND-B1-L48-ACT-2|Language Presentation/Review|2|8|
EE-IND-B1-L48|EE-IND-B1-L48-ACT-3|Pronunciation|3|2|
EE-IND-B1-L48|EE-IND-B1-L48-ACT-4|Language Practice|4|8|
EE-IND-B1-L48|EE-IND-B1-L48-ACT-5|Discussion|5|1|
EE-IND-B2-L1|EE-IND-B2-L1-ACT-1|Warm-up|1|1|
EE-IND-B2-L1|EE-IND-B2-L1-ACT-2|Vocabulary|2|2|
EE-IND-B2-L1|EE-IND-B2-L1-ACT-3|Listening|3|2|
EE-IND-B2-L1|EE-IND-B2-L1-ACT-4|Language Practice|4|9|
EE-IND-B2-L1|EE-IND-B2-L1-ACT-5|Pronunciation|5|1|
EE-IND-B2-L1|EE-IND-B2-L1-ACT-6|Discussion|6|1|
EE-IND-B2-L2|EE-IND-B2-L2-ACT-1|Warm-up|1|1|
EE-IND-B2-L2|EE-IND-B2-L2-ACT-2|Language Presentation/Review|2|2|
EE-IND-B2-L2|EE-IND-B2-L2-ACT-3|Listening|3|2|
EE-IND-B2-L2|EE-IND-B2-L2-ACT-4|Language Practice|4|7|
EE-IND-B2-L2|EE-IND-B2-L2-ACT-5|Pronunciation|5|1|
EE-IND-B2-L2|EE-IND-B2-L2-ACT-6|Role-play|6|1|
EE-IND-B2-L3|EE-IND-B2-L3-ACT-1|Warm-up|1|1|
EE-IND-B2-L3|EE-IND-B2-L3-ACT-2|Language Presentation/Review|2|10|
EE-IND-B2-L3|EE-IND-B2-L3-ACT-3|Pronunciation|3|9|
EE-IND-B2-L3|EE-IND-B2-L3-ACT-4|Language Practice|4|3|
EE-IND-B2-L3|EE-IND-B2-L3-ACT-5|Discussion|5|1|
EE-IND-B2-L4|EE-IND-B2-L4-ACT-1|Warm-up|1|1|
EE-IND-B2-L4|EE-IND-B2-L4-ACT-2|Vocabulary|2|17|
EE-IND-B2-L4|EE-IND-B2-L4-ACT-3|Listening|3|6|
EE-IND-B2-L4|EE-IND-B2-L4-ACT-4|Language Practice|4|10|
EE-IND-B2-L4|EE-IND-B2-L4-ACT-5|Pronunciation|5|2|
EE-IND-B2-L4|EE-IND-B2-L4-ACT-6|Discussion|6|1|
EE-IND-B2-L5|EE-IND-B2-L5-ACT-1|Warm-up|1|1|
EE-IND-B2-L5|EE-IND-B2-L5-ACT-2|Language Presentation/Review|2|4|
EE-IND-B2-L5|EE-IND-B2-L5-ACT-3|Listening|3|6|
EE-IND-B2-L5|EE-IND-B2-L5-ACT-4|Language Practice|4|6|
EE-IND-B2-L5|EE-IND-B2-L5-ACT-5|Pronunciation|5|9|
EE-IND-B2-L5|EE-IND-B2-L5-ACT-6|Discussion|6|2|
EE-IND-B2-L6|EE-IND-B2-L6-ACT-1|Warm-up|1|1|
EE-IND-B2-L6|EE-IND-B2-L6-ACT-2|Language Presentation/Review|2|8|
EE-IND-B2-L6|EE-IND-B2-L6-ACT-3|Listening|3|7|
EE-IND-B2-L6|EE-IND-B2-L6-ACT-4|Language Practice|4|11|
EE-IND-B2-L6|EE-IND-B2-L6-ACT-5|Pronunciation|5|6|
EE-IND-B2-L6|EE-IND-B2-L6-ACT-6|Role-play|6|2|
EE-IND-B2-L7|EE-IND-B2-L7-ACT-1|Warm-up|1|1|
EE-IND-B2-L7|EE-IND-B2-L7-ACT-2|Language Presentation/Review|2|1|
EE-IND-B2-L7|EE-IND-B2-L7-ACT-3|Pronunciation|3|3|
EE-IND-B2-L7|EE-IND-B2-L7-ACT-4|Listening|4|2|
EE-IND-B2-L7|EE-IND-B2-L7-ACT-5|Language Practice|5|8|last slide is duplicated for no reason
EE-IND-B2-L7|EE-IND-B2-L7-ACT-6|Discussion|6|1|
EE-IND-B2-L8|EE-IND-B2-L8-ACT-1|Warm-up|1|1|
EE-IND-B2-L8|EE-IND-B2-L8-ACT-2|Vocabulary|2|7|
EE-IND-B2-L8|EE-IND-B2-L8-ACT-3|Listening|3|6|
EE-IND-B2-L8|EE-IND-B2-L8-ACT-4|Language Practice|4|6|
EE-IND-B2-L8|EE-IND-B2-L8-ACT-5|Pronunciation|5|6|
EE-IND-B2-L8|EE-IND-B2-L8-ACT-6|Discussion|6|1|
EE-IND-B2-L9|EE-IND-B2-L9-ACT-1|Warm-up|1|1|
EE-IND-B2-L9|EE-IND-B2-L9-ACT-2|Language Presentation/Review|2|18|
EE-IND-B2-L9|EE-IND-B2-L9-ACT-3|Pronunciation|3|7|
EE-IND-B2-L9|EE-IND-B2-L9-ACT-4|Language Practice|4|1|
EE-IND-B2-L9|EE-IND-B2-L9-ACT-5|Discussion|5|2|
EE-IND-B2-L10|EE-IND-B2-L10-ACT-1|Warm-up|1|1|
EE-IND-B2-L10|EE-IND-B2-L10-ACT-2|Language Presentation/Review|2|11|
EE-IND-B2-L10|EE-IND-B2-L10-ACT-3|Listening|3|10|
EE-IND-B2-L10|EE-IND-B2-L10-ACT-4|Pronunciation|4|6|
EE-IND-B2-L10|EE-IND-B2-L10-ACT-5|Discussion|5|1|
EE-IND-B2-L11|EE-IND-B2-L11-ACT-1|Warm-up|1|1|
EE-IND-B2-L11|EE-IND-B2-L11-ACT-2|Language Presentation/Review|2|2|
EE-IND-B2-L11|EE-IND-B2-L11-ACT-3|Listening|3|3|
EE-IND-B2-L11|EE-IND-B2-L11-ACT-4|Language Practice|4|5|
EE-IND-B2-L11|EE-IND-B2-L11-ACT-5|Pronunciation|5|5|
EE-IND-B2-L11|EE-IND-B2-L11-ACT-6|Discussion|6|1|
EE-IND-B2-L12|EE-IND-B2-L12-ACT-1|Warm-up|1|1|
EE-IND-B2-L12|EE-IND-B2-L12-ACT-2|Language Presentation/Review|2|8|
EE-IND-B2-L12|EE-IND-B2-L12-ACT-3|Listening|3|6|
EE-IND-B2-L12|EE-IND-B2-L12-ACT-4|Language Practice|4|4|
EE-IND-B2-L12|EE-IND-B2-L12-ACT-5|Pronunciation|5|4|
EE-IND-B2-L12|EE-IND-B2-L12-ACT-6|Discussion|6|1|
EE-IND-B2-L13|EE-IND-B2-L13-ACT-1|Warm-up|1|1|
EE-IND-B2-L13|EE-IND-B2-L13-ACT-2|Vocabulary|2|8|
EE-IND-B2-L13|EE-IND-B2-L13-ACT-3|Listening|3|10|
EE-IND-B2-L13|EE-IND-B2-L13-ACT-4|Language Practice|4|4|
EE-IND-B2-L13|EE-IND-B2-L13-ACT-5|Discussion|5|1|
EE-IND-B2-L14|EE-IND-B2-L14-ACT-1|Warm-up|1|1|
EE-IND-B2-L14|EE-IND-B2-L14-ACT-2|Language Presentation/Review|2|7|
EE-IND-B2-L14|EE-IND-B2-L14-ACT-3|Pronunciation|3|5|
EE-IND-B2-L14|EE-IND-B2-L14-ACT-4|Language Practice|4|7|
EE-IND-B2-L14|EE-IND-B2-L14-ACT-5|Discussion|5|1|
EE-IND-B2-L15|EE-IND-B2-L15-ACT-1|Warm-up|1|1|
EE-IND-B2-L15|EE-IND-B2-L15-ACT-2|Language Presentation/Review|2|6|
EE-IND-B2-L15|EE-IND-B2-L15-ACT-3|Listening|3|2|
EE-IND-B2-L15|EE-IND-B2-L15-ACT-4|Pronunciation|4|1|
EE-IND-B2-L15|EE-IND-B2-L15-ACT-5|Language Practice|5|9|
EE-IND-B2-L15|EE-IND-B2-L15-ACT-6|Role-play|6|1|
EE-IND-B2-L16|EE-IND-B2-L16-ACT-1|Warm-up|1|1|
EE-IND-B2-L16|EE-IND-B2-L16-ACT-2|Language Presentation/Review|2|8|
EE-IND-B2-L16|EE-IND-B2-L16-ACT-3|Listening|3|6|
EE-IND-B2-L16|EE-IND-B2-L16-ACT-4|Language Practice|4|6|
EE-IND-B2-L16|EE-IND-B2-L16-ACT-5|Speech and Pronunciation|5|2|
EE-IND-B2-L16|EE-IND-B2-L16-ACT-6|Discussion|6|1|
EE-IND-B2-L17|EE-IND-B2-L17-ACT-1|Warm-up|1|9|
EE-IND-B2-L17|EE-IND-B2-L17-ACT-2|Language Presentation/Review|2|6|
EE-IND-B2-L17|EE-IND-B2-L17-ACT-3|Pronunciation|3|11|
EE-IND-B2-L17|EE-IND-B2-L17-ACT-4|Language Practice|4|12|
EE-IND-B2-L17|EE-IND-B2-L17-ACT-5|Discussion|5|1|
EE-IND-B2-L18|EE-IND-B2-L18-ACT-1|Warm-up|1|1|
EE-IND-B2-L18|EE-IND-B2-L18-ACT-2|Language Presentation/Review|2|8|
EE-IND-B2-L18|EE-IND-B2-L18-ACT-3|Listening|3|6|
EE-IND-B2-L18|EE-IND-B2-L18-ACT-4|Language Practice|4|6|
EE-IND-B2-L18|EE-IND-B2-L18-ACT-5|Pronunciation|5|2|
EE-IND-B2-L18|EE-IND-B2-L18-ACT-6|Discussion|6|2|
EE-IND-B2-L19|EE-IND-B2-L19-ACT-1|Warm-up|1|1|
EE-IND-B2-L19|EE-IND-B2-L19-ACT-2|Language Presentation/Review|2|7|
EE-IND-B2-L19|EE-IND-B2-L19-ACT-3|Listening|3|16|
EE-IND-B2-L19|EE-IND-B2-L19-ACT-4|Pronunciation|4|5|
EE-IND-B2-L19|EE-IND-B2-L19-ACT-5|Discussion|5|1|
EE-IND-B2-L20|EE-IND-B2-L20-ACT-1|Warm-up|1|1|
EE-IND-B2-L20|EE-IND-B2-L20-ACT-2|Language Presentation/Review|2|6|
EE-IND-B2-L20|EE-IND-B2-L20-ACT-3|Pronunciation|3|6|
EE-IND-B2-L20|EE-IND-B2-L20-ACT-4|Language Practice|4|6|
EE-IND-B2-L20|EE-IND-B2-L20-ACT-5|Role-play|5|1|
EE-IND-B2-L21|EE-IND-B2-L21-ACT-1|Warm-up|1|1|
EE-IND-B2-L21|EE-IND-B2-L21-ACT-2|Language Practice|2|11|
EE-IND-B2-L21|EE-IND-B2-L21-ACT-3|Pronunciation|3|11|
EE-IND-B2-L21|EE-IND-B2-L21-ACT-4|Listening|4|5|
EE-IND-B2-L21|EE-IND-B2-L21-ACT-5|Language Practice|5|8|
EE-IND-B2-L21|EE-IND-B2-L21-ACT-6|Discussion|6|1|
EE-IND-B2-L22|EE-IND-B2-L22-ACT-1|Warm-up|1|1|
EE-IND-B2-L22|EE-IND-B2-L22-ACT-2|Language Presentation/Review|2|9|
EE-IND-B2-L22|EE-IND-B2-L22-ACT-3|Pronunciation|3|7|activities 2 and 3 in the same slide
EE-IND-B2-L22|EE-IND-B2-L22-ACT-4|Language Practice|4|2|
EE-IND-B2-L22|EE-IND-B2-L22-ACT-5|Discussion|5|1|
EE-IND-B2-L23|EE-IND-B2-L23-ACT-1|Warm-up|1|1|
EE-IND-B2-L23|EE-IND-B2-L23-ACT-2|Language Presentation/Review|2|10|
EE-IND-B2-L23|EE-IND-B2-L23-ACT-3|Listening|3|8|
EE-IND-B2-L23|EE-IND-B2-L23-ACT-4|Pronunciation|4|3|
EE-IND-B2-L23|EE-IND-B2-L23-ACT-5|Discussion|5|1|
EE-IND-B2-L24|EE-IND-B2-L24-ACT-1|Warm-up|1|1|
EE-IND-B2-L24|EE-IND-B2-L24-ACT-2|Language Presentation/Review|2|14|
EE-IND-B2-L24|EE-IND-B2-L24-ACT-3|Pronunciation|3|9|
EE-IND-B2-L24|EE-IND-B2-L24-ACT-4|Language Practice|4|1|
EE-IND-B2-L24|EE-IND-B2-L24-ACT-5|Discussion|5|1|
EE-IND-B2-L25|EE-IND-B2-L25-ACT-1|Warm-up|1|1|
EE-IND-B2-L25|EE-IND-B2-L25-ACT-2|Language Presentation/Review|2|11|
EE-IND-B2-L25|EE-IND-B2-L25-ACT-3|Pronunciation|3|6|
EE-IND-B2-L25|EE-IND-B2-L25-ACT-4|Listening|4|3|
EE-IND-B2-L25|EE-IND-B2-L25-ACT-5|Discussion|5|1|
EE-IND-B2-L26|EE-IND-B2-L26-ACT-1|Warm-up|1|1|
EE-IND-B2-L26|EE-IND-B2-L26-ACT-2|Language Presentation/Review|2|12|
EE-IND-B2-L26|EE-IND-B2-L26-ACT-3|Language Practice|3|6|
EE-IND-B2-L26|EE-IND-B2-L26-ACT-4|Pronunciation|4|4|
EE-IND-B2-L26|EE-IND-B2-L26-ACT-5|Discussion|5|1|
EE-IND-B2-L27|EE-IND-B2-L27-ACT-1|Warm-up|1|1|
EE-IND-B2-L27|EE-IND-B2-L27-ACT-2|Language Presentation/Review|2|9|
EE-IND-B2-L27|EE-IND-B2-L27-ACT-3|Listening|3|7|
EE-IND-B2-L27|EE-IND-B2-L27-ACT-4|Language Practice|4|9|
EE-IND-B2-L27|EE-IND-B2-L27-ACT-5|Pronunciation|5|7|
EE-IND-B2-L27|EE-IND-B2-L27-ACT-6|Role-play|6|1|
EE-IND-B2-L28|EE-IND-B2-L28-ACT-1|Warm-up|1|1|
EE-IND-B2-L28|EE-IND-B2-L28-ACT-2|Language Presentation/Review|2|6|
EE-IND-B2-L28|EE-IND-B2-L28-ACT-3|Language Practice|3|5|
EE-IND-B2-L28|EE-IND-B2-L28-ACT-4|Pronunciation|4|2|
EE-IND-B2-L28|EE-IND-B2-L28-ACT-5|Discussion|5|1|
EE-IND-B2-L29|EE-IND-B2-L29-ACT-1|Warm-up|1|1|
EE-IND-B2-L29|EE-IND-B2-L29-ACT-2|Language Presentation/Review|2|1|
EE-IND-B2-L29|EE-IND-B2-L29-ACT-3|Pronunciation|3|3|
EE-IND-B2-L29|EE-IND-B2-L29-ACT-4|Listening|4|4|
EE-IND-B2-L29|EE-IND-B2-L29-ACT-5|Language Practice|5|7|
EE-IND-B2-L29|EE-IND-B2-L29-ACT-6|Discussion|6|1|
EE-IND-B2-L30|EE-IND-B2-L30-ACT-1|Warm-up|1|1|
EE-IND-B2-L30|EE-IND-B2-L30-ACT-2|Language Presentation/Review|2|9|
EE-IND-B2-L30|EE-IND-B2-L30-ACT-3|Language Practice|3|10|
EE-IND-B2-L30|EE-IND-B2-L30-ACT-4|Discussion|4|2|
EE-IND-B2-L31|EE-IND-B2-L31-ACT-1|Warm-up|1|1|
EE-IND-B2-L31|EE-IND-B2-L31-ACT-2|Language Presentation/Review|2|4|
EE-IND-B2-L31|EE-IND-B2-L31-ACT-3|Listening|3|2|
EE-IND-B2-L31|EE-IND-B2-L31-ACT-4|Pronunciation|4|11|
EE-IND-B2-L31|EE-IND-B2-L31-ACT-5|Language Practice|5|7|
EE-IND-B2-L31|EE-IND-B2-L31-ACT-6|Discussion|6|1|
EE-IND-B2-L32|EE-IND-B2-L32-ACT-1|Warm-up|1|1|
EE-IND-B2-L32|EE-IND-B2-L32-ACT-2|Language Presentation/Review|2|10|
EE-IND-B2-L32|EE-IND-B2-L32-ACT-3|Pronunciation|3|2|
EE-IND-B2-L32|EE-IND-B2-L32-ACT-4|Language Practice|4|9|
EE-IND-B2-L32|EE-IND-B2-L32-ACT-5|Role-play|5|2|
EE-IND-B2-L33|EE-IND-B2-L33-ACT-1|Warm-up|1|1|
EE-IND-B2-L33|EE-IND-B2-L33-ACT-2|Language Presentation/Review|2|4|
EE-IND-B2-L33|EE-IND-B2-L33-ACT-3|Pronunciation|3|9|
EE-IND-B2-L33|EE-IND-B2-L33-ACT-4|Listening|4|7|
EE-IND-B2-L33|EE-IND-B2-L33-ACT-5|Language Practice|5|7|
EE-IND-B2-L33|EE-IND-B2-L33-ACT-6|Discussion|6|1|
EE-IND-B2-L34|EE-IND-B2-L34-ACT-1|Warm-up|1|1|
EE-IND-B2-L34|EE-IND-B2-L34-ACT-2|Language Presentation/Review|2|16|
EE-IND-B2-L34|EE-IND-B2-L34-ACT-3|Pronunciation|3|6|
EE-IND-B2-L34|EE-IND-B2-L34-ACT-4|Language Practice|4|1|
EE-IND-B2-L34|EE-IND-B2-L34-ACT-5|Discussion|5|1|
EE-IND-B2-L35|EE-IND-B2-L35-ACT-1|Warm-up|1|1|
EE-IND-B2-L35|EE-IND-B2-L35-ACT-2|Language Presentation/Review|2|7|
EE-IND-B2-L35|EE-IND-B2-L35-ACT-3|Pronunciation|3|5|
EE-IND-B2-L35|EE-IND-B2-L35-ACT-4|Language Practice|4|7|
EE-IND-B2-L35|EE-IND-B2-L35-ACT-5|Discussion|5|1|
EE-IND-B2-L36|EE-IND-B2-L36-ACT-1|Warm-up|1|1|
EE-IND-B2-L36|EE-IND-B2-L36-ACT-2|Listening|2|5|
EE-IND-B2-L36|EE-IND-B2-L36-ACT-3|Language Practice|3|8|
EE-IND-B2-L36|EE-IND-B2-L36-ACT-4|Pronunciation|4|4|
EE-IND-B2-L36|EE-IND-B2-L36-ACT-5|Language Practice|5|1|
EE-IND-B2-L36|EE-IND-B2-L36-ACT-6|Telling a story|6|1|
EE-IND-B2-L37|EE-IND-B2-L37-ACT-1|Warm-up|1|1|
EE-IND-B2-L37|EE-IND-B2-L37-ACT-2|Vocabulary|2|7|
EE-IND-B2-L37|EE-IND-B2-L37-ACT-3|Listening|3|6|
EE-IND-B2-L37|EE-IND-B2-L37-ACT-4|Language Practice|4|8|
EE-IND-B2-L37|EE-IND-B2-L37-ACT-5|Pronunciation|5|4|
EE-IND-B2-L37|EE-IND-B2-L37-ACT-6|Discussion|6|1|
EE-IND-B2-L38|EE-IND-B2-L38-ACT-1|Warm-up|1|1|
EE-IND-B2-L38|EE-IND-B2-L38-ACT-2|Language Presentation/Review|2|11|
EE-IND-B2-L38|EE-IND-B2-L38-ACT-3|Pronunciation|3|6|
EE-IND-B2-L38|EE-IND-B2-L38-ACT-4|Language Practice|4|4|
EE-IND-B2-L38|EE-IND-B2-L38-ACT-5|Role-play|5|1|
EE-IND-B2-L39|EE-IND-B2-L39-ACT-1|Warm-up|1|1|
EE-IND-B2-L39|EE-IND-B2-L39-ACT-2|Language Presentation/Review|2|7|
EE-IND-B2-L39|EE-IND-B2-L39-ACT-3|Pronunciation|3|5|
EE-IND-B2-L39|EE-IND-B2-L39-ACT-4|Language Practice|4|11|
EE-IND-B2-L39|EE-IND-B2-L39-ACT-5|Discussion|5|1|
EE-IND-B2-L40|EE-IND-B2-L40-ACT-1|Warm-up|1|1|
EE-IND-B2-L40|EE-IND-B2-L40-ACT-2|Language Presentation/Review|2|6|
EE-IND-B2-L40|EE-IND-B2-L40-ACT-3|Language Practice|3|2|
EE-IND-B2-L40|EE-IND-B2-L40-ACT-4|Pronunciation|4|5|
EE-IND-B2-L40|EE-IND-B2-L40-ACT-5|Discussion|5|1|
EE-IND-B2-L41|EE-IND-B2-L41-ACT-1|Warm-up|1|1|
EE-IND-B2-L41|EE-IND-B2-L41-ACT-2|Language Presentation/Review|2|3|
EE-IND-B2-L41|EE-IND-B2-L41-ACT-3|Listening|3|5|
EE-IND-B2-L41|EE-IND-B2-L41-ACT-4|Language Practice|4|3|
EE-IND-B2-L41|EE-IND-B2-L41-ACT-5|Pronunciation|5|5|
EE-IND-B2-L41|EE-IND-B2-L41-ACT-6|Discussion|6|2|
EE-IND-B2-L42|EE-IND-B2-L42-ACT-1|Warm-up|1|1|
EE-IND-B2-L42|EE-IND-B2-L42-ACT-2|Language Presentation/Review|2|6|
EE-IND-B2-L42|EE-IND-B2-L42-ACT-3|Pronunciation|3|6|
EE-IND-B2-L42|EE-IND-B2-L42-ACT-4|Language Practice|4|20|
EE-IND-B2-L42|EE-IND-B2-L42-ACT-5|Discussion|5|1|
EE-IND-B2-L43|EE-IND-B2-L43-ACT-1|Warm-up|1|1|
EE-IND-B2-L43|EE-IND-B2-L43-ACT-2|Language Presentation/Review|2|8|
EE-IND-B2-L43|EE-IND-B2-L43-ACT-3|Pronunciation|3|7|
EE-IND-B2-L43|EE-IND-B2-L43-ACT-4|Language Practice|4|6|
EE-IND-B2-L43|EE-IND-B2-L43-ACT-5|Discussion|5|1|
EE-IND-B2-L44|EE-IND-B2-L44-ACT-1|Warm-up|1|1|
EE-IND-B2-L44|EE-IND-B2-L44-ACT-2|Language Presentation/Review|2|6|
EE-IND-B2-L44|EE-IND-B2-L44-ACT-3|Language Practice|3|7|
EE-IND-B2-L44|EE-IND-B2-L44-ACT-4|Pronunciation|4|4|
EE-IND-B2-L44|EE-IND-B2-L44-ACT-5|Role-play|5|1|
EE-IND-B2-L45|EE-IND-B2-L45-ACT-1|Warm-up|1|1|
EE-IND-B2-L45|EE-IND-B2-L45-ACT-2|Language Presentation/Review|2|10|
EE-IND-B2-L45|EE-IND-B2-L45-ACT-3|Pronunciation|3|3|
EE-IND-B2-L45|EE-IND-B2-L45-ACT-4|Listening|4|2|
EE-IND-B2-L45|EE-IND-B2-L45-ACT-5|Language Practice|5|8|
EE-IND-B2-L45|EE-IND-B2-L45-ACT-6|Discussion|6|2|
EE-IND-B2-L46|EE-IND-B2-L46-ACT-1|Warm-up|1|1|
EE-IND-B2-L46|EE-IND-B2-L46-ACT-2|Language Presentation/Review|2|15|
EE-IND-B2-L46|EE-IND-B2-L46-ACT-3|Language Practice|3|22|
EE-IND-B2-L46|EE-IND-B2-L46-ACT-4|Pronunciation|4|5|
EE-IND-B2-L46|EE-IND-B2-L46-ACT-5|Discussion|5|1|
EE-IND-B2-L47|EE-IND-B2-L47-ACT-1|Warm-up|1|1|
EE-IND-B2-L47|EE-IND-B2-L47-ACT-2|Language Presentation/Review|2|8|
EE-IND-B2-L47|EE-IND-B2-L47-ACT-3|Language Practice|3|7|
EE-IND-B2-L47|EE-IND-B2-L47-ACT-4|Pronunciation|4|5|
EE-IND-B2-L47|EE-IND-B2-L47-ACT-5|Role-play|5|2|
EE-IND-B2-L48|EE-IND-B2-L48-ACT-1|Warm-up|1|1|
EE-IND-B2-L48|EE-IND-B2-L48-ACT-2|Language Presentation/Review|2|6|
EE-IND-B2-L48|EE-IND-B2-L48-ACT-3|Pronunciation|3|6|
EE-IND-B2-L48|EE-IND-B2-L48-ACT-4|Language Practice|4|12|
EE-IND-B2-L48|EE-IND-B2-L48-ACT-5|Discussion|5|1|
EE-PRO-C1-L1|EE-PRO-C1-L1-ACT-1|Warm-up|1|1|
EE-PRO-C1-L1|EE-PRO-C1-L1-ACT-2|Language Presentation/Review|2|10|
EE-PRO-C1-L1|EE-PRO-C1-L1-ACT-3|Listening|3|5|
EE-PRO-C1-L1|EE-PRO-C1-L1-ACT-4|Language Practice|4|7|
EE-PRO-C1-L1|EE-PRO-C1-L1-ACT-5|Pronunciation|5|2|
EE-PRO-C1-L1|EE-PRO-C1-L1-ACT-6|Discussion|6|1|
EE-PRO-C1-L2|EE-PRO-C1-L2-ACT-1|Warm-up|1|1|
EE-PRO-C1-L2|EE-PRO-C1-L2-ACT-2|Language Presentation/Review|2|7|
EE-PRO-C1-L2|EE-PRO-C1-L2-ACT-3|Listening|3|5|
EE-PRO-C1-L2|EE-PRO-C1-L2-ACT-4|Pronunciation|4|9|
EE-PRO-C1-L2|EE-PRO-C1-L2-ACT-5|Language Practice|5|9|
EE-PRO-C1-L2|EE-PRO-C1-L2-ACT-6|Discussion|6|1|
EE-PRO-C1-L3|EE-PRO-C1-L3-ACT-1|Warm-up|1|1|
EE-PRO-C1-L3|EE-PRO-C1-L3-ACT-2|Language Presentation/Review|2|6|
EE-PRO-C1-L3|EE-PRO-C1-L3-ACT-3|Listening|3|4|
EE-PRO-C1-L3|EE-PRO-C1-L3-ACT-4|Language Practice|4|4|
EE-PRO-C1-L3|EE-PRO-C1-L3-ACT-5|Pronunciation|5|2|
EE-PRO-C1-L3|EE-PRO-C1-L3-ACT-6|Discussion|6|1|
EE-PRO-C1-L4|EE-PRO-C1-L4-ACT-1|Warm-up|1|1|
EE-PRO-C1-L4|EE-PRO-C1-L4-ACT-2|Language Presentation/Review|2|9|
EE-PRO-C1-L4|EE-PRO-C1-L4-ACT-3|Listening|3|4|
EE-PRO-C1-L4|EE-PRO-C1-L4-ACT-4|Language Practice|4|8|
EE-PRO-C1-L4|EE-PRO-C1-L4-ACT-5|Pronunciation|5|2|
EE-PRO-C1-L4|EE-PRO-C1-L4-ACT-6|Role-play|6|2|
EE-PRO-C1-L5|EE-PRO-C1-L5-ACT-1|Warm-up|1|1|
EE-PRO-C1-L5|EE-PRO-C1-L5-ACT-2|Language Presentation/Review|2|11|
EE-PRO-C1-L5|EE-PRO-C1-L5-ACT-3|Pronunciation|3|7|
EE-PRO-C1-L5|EE-PRO-C1-L5-ACT-4|Listening|4|2|
EE-PRO-C1-L5|EE-PRO-C1-L5-ACT-5|Language Practice|5|11|
EE-PRO-C1-L5|EE-PRO-C1-L5-ACT-6|Discussion|6|1|
EE-PRO-C1-L6|EE-PRO-C1-L6-ACT-1|Warm-up|1|1|
EE-PRO-C1-L6|EE-PRO-C1-L6-ACT-2|Language Presentation/Review|2|9|
EE-PRO-C1-L6|EE-PRO-C1-L6-ACT-3|Listening|3|4|
EE-PRO-C1-L6|EE-PRO-C1-L6-ACT-4|Language Practice|4|8|
EE-PRO-C1-L6|EE-PRO-C1-L6-ACT-5|Pronunciation|5|2|
EE-PRO-C1-L6|EE-PRO-C1-L6-ACT-6|Discussion|6|2|
EE-PRO-C1-L7|EE-PRO-C1-L7-ACT-1|Warm-up|1|1|
EE-PRO-C1-L7|EE-PRO-C1-L7-ACT-2|Language Presentation/Review|2|10|
EE-PRO-C1-L7|EE-PRO-C1-L7-ACT-3|Listening|3|2|
EE-PRO-C1-L7|EE-PRO-C1-L7-ACT-4|Language Practice|4|7|
EE-PRO-C1-L7|EE-PRO-C1-L7-ACT-5|Pronunciation|5|1|
EE-PRO-C1-L7|EE-PRO-C1-L7-ACT-6|Discussion|6|2|
EE-PRO-C1-L8|EE-PRO-C1-L8-ACT-1|Warm-up|1|1|
EE-PRO-C1-L8|EE-PRO-C1-L8-ACT-2|Language Presentation/Review|2|9|
EE-PRO-C1-L8|EE-PRO-C1-L8-ACT-3|Listening|3|6|
EE-PRO-C1-L8|EE-PRO-C1-L8-ACT-4|Language Practice|4|7|
EE-PRO-C1-L8|EE-PRO-C1-L8-ACT-5|Pronunciation|5|6|
EE-PRO-C1-L8|EE-PRO-C1-L8-ACT-6|Discussion|6|1|
EE-PRO-C1-L9|EE-PRO-C1-L9-ACT-1|Warm-up|1|1|
EE-PRO-C1-L9|EE-PRO-C1-L9-ACT-2|Language Presentation/Review|2|10|
EE-PRO-C1-L9|EE-PRO-C1-L9-ACT-3|Listening|3|4|
EE-PRO-C1-L9|EE-PRO-C1-L9-ACT-4|Language Practice|4|5|
EE-PRO-C1-L9|EE-PRO-C1-L9-ACT-5|Pronunciation|5|9|
EE-PRO-C1-L9|EE-PRO-C1-L9-ACT-6|Discussion|6|1|
EE-PRO-C1-L10|EE-PRO-C1-L10-ACT-1|Warm-up|1|1|
EE-PRO-C1-L10|EE-PRO-C1-L10-ACT-2|Vocabulary|2|8|
EE-PRO-C1-L10|EE-PRO-C1-L10-ACT-3|Listening|3|6|
EE-PRO-C1-L10|EE-PRO-C1-L10-ACT-4|Language Practice|4|6|
EE-PRO-C1-L10|EE-PRO-C1-L10-ACT-5|Pronunciation|5|7|
EE-PRO-C1-L10|EE-PRO-C1-L10-ACT-6|Discussion|6|2|
EE-PRO-C1-L11|EE-PRO-C1-L11-ACT-1|Warm-up|1|1|
EE-PRO-C1-L11|EE-PRO-C1-L11-ACT-2|Language Presentation/Review|2|8|
EE-PRO-C1-L11|EE-PRO-C1-L11-ACT-3|Listening|3|3|
EE-PRO-C1-L11|EE-PRO-C1-L11-ACT-4|Language Practice|4|4|activities 3 and 4 in the same slide
EE-PRO-C1-L11|EE-PRO-C1-L11-ACT-5|Pronunciation|5|2|
EE-PRO-C1-L11|EE-PRO-C1-L11-ACT-6|Discussion|6|1|
EE-PRO-C1-L12|EE-PRO-C1-L12-ACT-1|Warm-up|1|1|
EE-PRO-C1-L12|EE-PRO-C1-L12-ACT-2|Language Presentation/Review|2|10|
EE-PRO-C1-L12|EE-PRO-C1-L12-ACT-3|Listening|3|4|
EE-PRO-C1-L12|EE-PRO-C1-L12-ACT-4|Language Practice|4|3|activities 3 and 4 in the same slide
EE-PRO-C1-L12|EE-PRO-C1-L12-ACT-5|Pronunciation|5|2|
EE-PRO-C1-L12|EE-PRO-C1-L12-ACT-6|Discussion|6|1|
EE-PRO-C1-L13|EE-PRO-C1-L13-ACT-1|Warm-up|1|1|
EE-PRO-C1-L13|EE-PRO-C1-L13-ACT-2|Language Presentation/Review|2|8|
EE-PRO-C1-L13|EE-PRO-C1-L13-ACT-3|Listening|3|7|
EE-PRO-C1-L13|EE-PRO-C1-L13-ACT-4|Language Practice|4|6|
EE-PRO-C1-L13|EE-PRO-C1-L13-ACT-5|Pronunciation|5|1|
EE-PRO-C1-L13|EE-PRO-C1-L13-ACT-6|Discussion|6|1|
EE-PRO-C1-L14|EE-PRO-C1-L14-ACT-1|Warm-up|1|1|
EE-PRO-C1-L14|EE-PRO-C1-L14-ACT-2|Language Presentation/Review|2|4|
EE-PRO-C1-L14|EE-PRO-C1-L14-ACT-3|Listening|3|4|
EE-PRO-C1-L14|EE-PRO-C1-L14-ACT-4|Language Practice|4|6|
EE-PRO-C1-L14|EE-PRO-C1-L14-ACT-5|Pronunciation|5|2|
EE-PRO-C1-L14|EE-PRO-C1-L14-ACT-6|Discussion|6|1|
EE-PRO-C1-L15|EE-PRO-C1-L15-ACT-1|Warm-up|1|1|
EE-PRO-C1-L15|EE-PRO-C1-L15-ACT-2|Language Presentation/Review|2|6|
EE-PRO-C1-L15|EE-PRO-C1-L15-ACT-3|Listening|3|3|
EE-PRO-C1-L15|EE-PRO-C1-L15-ACT-4|Language Practice|4|6|activities 3 and 4 in the same slide
EE-PRO-C1-L15|EE-PRO-C1-L15-ACT-5|Pronunciation|5|5|
EE-PRO-C1-L15|EE-PRO-C1-L15-ACT-6|Discussion|6|1|
EE-PRO-C1-L16|EE-PRO-C1-L16-ACT-1|Warm-up|1|1|
EE-PRO-C1-L16|EE-PRO-C1-L16-ACT-2|Language Presentation/Review|2|9|
EE-PRO-C1-L16|EE-PRO-C1-L16-ACT-3|Pronunciation|3|2|
EE-PRO-C1-L16|EE-PRO-C1-L16-ACT-4|Listening|4|1|
EE-PRO-C1-L16|EE-PRO-C1-L16-ACT-5|Language Practice|5|7|
EE-PRO-C1-L16|EE-PRO-C1-L16-ACT-6|Discussion|6|1|
EE-PRO-C1-L17|EE-PRO-C1-L17-ACT-1|Warm-up|1|1|
EE-PRO-C1-L17|EE-PRO-C1-L17-ACT-2|Language Presentation/Review|2|9|
EE-PRO-C1-L17|EE-PRO-C1-L17-ACT-3|Listening|3|7|
EE-PRO-C1-L17|EE-PRO-C1-L17-ACT-4|Language Practice|4|1|
EE-PRO-C1-L17|EE-PRO-C1-L17-ACT-5|Pronunciation|5|2|
EE-PRO-C1-L17|EE-PRO-C1-L17-ACT-6|Discussion|6|1|
EE-PRO-C1-L18|EE-PRO-C1-L18-ACT-1|Warm-up|1|1|
EE-PRO-C1-L18|EE-PRO-C1-L18-ACT-2|Language Presentation/Review|2|9|
EE-PRO-C1-L18|EE-PRO-C1-L18-ACT-3|Listening|3|5|
EE-PRO-C1-L18|EE-PRO-C1-L18-ACT-4|Language Practice|4|9|
EE-PRO-C1-L18|EE-PRO-C1-L18-ACT-5|Pronunciation|5|2|
EE-PRO-C1-L18|EE-PRO-C1-L18-ACT-6|Discussion|6|1|
EE-PRO-C1-L19|EE-PRO-C1-L19-ACT-1|Warm-up|1|1|
EE-PRO-C1-L19|EE-PRO-C1-L19-ACT-2|Language Presentation/Review|2|9|
EE-PRO-C1-L19|EE-PRO-C1-L19-ACT-3|Listening|3|5|
EE-PRO-C1-L19|EE-PRO-C1-L19-ACT-4|Language Practice|4|3|
EE-PRO-C1-L19|EE-PRO-C1-L19-ACT-5|Pronunciation|5|1|
EE-PRO-C1-L19|EE-PRO-C1-L19-ACT-6|Discussion|6|1|
EE-PRO-C1-L20|EE-PRO-C1-L20-ACT-1|Warm-up|1|1|
EE-PRO-C1-L20|EE-PRO-C1-L20-ACT-2|Language Presentation/Review|2|9|
EE-PRO-C1-L20|EE-PRO-C1-L20-ACT-3|Listening|3|5|
EE-PRO-C1-L20|EE-PRO-C1-L20-ACT-4|Pronunciation|4|2|activities 3 and 4 in the same slide
EE-PRO-C1-L20|EE-PRO-C1-L20-ACT-5|Language Practice|5|1|
EE-PRO-C1-L20|EE-PRO-C1-L20-ACT-6|Discussion|6|1|
EE-PRO-C1-L21|EE-PRO-C1-L21-ACT-1|Warm-up|1|1|
EE-PRO-C1-L21|EE-PRO-C1-L21-ACT-2|Language Presentation/Review|2|10|
EE-PRO-C1-L21|EE-PRO-C1-L21-ACT-3|Listening|3|4|
EE-PRO-C1-L21|EE-PRO-C1-L21-ACT-4|Listening|4|7|
EE-PRO-C1-L21|EE-PRO-C1-L21-ACT-5|Pronunciation|5|1|activities 4 and 5 in the same slide
EE-PRO-C1-L21|EE-PRO-C1-L21-ACT-6|Discussion|6|1|
EE-PRO-C1-L22|EE-PRO-C1-L22-ACT-1|Warm-up|1|1|
EE-PRO-C1-L22|EE-PRO-C1-L22-ACT-2|Listening|2|15|
EE-PRO-C1-L22|EE-PRO-C1-L22-ACT-3|Language Practice|3|5|
EE-PRO-C1-L22|EE-PRO-C1-L22-ACT-4|Discussion|4|1|
EE-PRO-C1-L23|EE-PRO-C1-L23-ACT-1|Warm-up|1|1|
EE-PRO-C1-L23|EE-PRO-C1-L23-ACT-2|Language Presentation/Review|2|6|
EE-PRO-C1-L23|EE-PRO-C1-L23-ACT-3|Listening|3|4|
EE-PRO-C1-L23|EE-PRO-C1-L23-ACT-4|Language Practice|4|5|
EE-PRO-C1-L23|EE-PRO-C1-L23-ACT-5|Pronunciation|5|1|
EE-PRO-C1-L23|EE-PRO-C1-L23-ACT-6|Discussion|6|1|
EE-PRO-C1-L24|EE-PRO-C1-L24-ACT-1|Warm-up|1|1|
EE-PRO-C1-L24|EE-PRO-C1-L24-ACT-2|Language Presentation/Review|2|7|
EE-PRO-C1-L24|EE-PRO-C1-L24-ACT-3|Listening|3|2|
EE-PRO-C1-L24|EE-PRO-C1-L24-ACT-4|Language Practice|4|6|
EE-PRO-C1-L24|EE-PRO-C1-L24-ACT-5|Pronunciation|5|1|
EE-PRO-C1-L24|EE-PRO-C1-L24-ACT-6|Discussion|6|1|
EE-PRO-C1-L25|EE-PRO-C1-L25-ACT-1|Warm-up|1|1|
EE-PRO-C1-L25|EE-PRO-C1-L25-ACT-2|Language Presentation/Review|2|13|
EE-PRO-C1-L25|EE-PRO-C1-L25-ACT-3|Listening|3|11|
EE-PRO-C1-L25|EE-PRO-C1-L25-ACT-4|Pronunciation|4|2|
EE-PRO-C1-L25|EE-PRO-C1-L25-ACT-5|Discussion|5|1|
EE-PRO-C1-L26|EE-PRO-C1-L26-ACT-1|Warm-up|1|1|
EE-PRO-C1-L26|EE-PRO-C1-L26-ACT-2|Listening|2|4|
EE-PRO-C1-L26|EE-PRO-C1-L26-ACT-3|Language Review|3|9|
EE-PRO-C1-L26|EE-PRO-C1-L26-ACT-4|Pronunciation|4|2|
EE-PRO-C1-L26|EE-PRO-C1-L26-ACT-5|Language Practice|5|6|
EE-PRO-C1-L26|EE-PRO-C1-L26-ACT-6|Discussion|6|1|
EE-PRO-C1-L27|EE-PRO-C1-L27-ACT-1|Warm-up|1|1|
EE-PRO-C1-L27|EE-PRO-C1-L27-ACT-2|Language Presentation/Review|2|4|
EE-PRO-C1-L27|EE-PRO-C1-L27-ACT-3|Listening|3|5|
EE-PRO-C1-L27|EE-PRO-C1-L27-ACT-4|Language Practice|4|7|
EE-PRO-C1-L27|EE-PRO-C1-L27-ACT-5|Pronunciation|5|2|
EE-PRO-C1-L27|EE-PRO-C1-L27-ACT-6|Discussion|6|2|
EE-PRO-C1-L28|EE-PRO-C1-L28-ACT-1|Warm-up|1|1|
EE-PRO-C1-L28|EE-PRO-C1-L28-ACT-2|Language Presentation/Review|2|7|
EE-PRO-C1-L28|EE-PRO-C1-L28-ACT-3|Listening|3|4|
EE-PRO-C1-L28|EE-PRO-C1-L28-ACT-4|Language Practice|4|4|
EE-PRO-C1-L28|EE-PRO-C1-L28-ACT-5|Pronunciation|5|3|
EE-PRO-C1-L28|EE-PRO-C1-L28-ACT-6|Discussion|6|1|
EE-PRO-C1-L29|EE-PRO-C1-L29-ACT-1|Warm-up|1|1|
EE-PRO-C1-L29|EE-PRO-C1-L29-ACT-2|Language Presentation/Review|2|9|
EE-PRO-C1-L29|EE-PRO-C1-L29-ACT-3|Listening|3|3|
EE-PRO-C1-L29|EE-PRO-C1-L29-ACT-4|Language Practice|4|8|
EE-PRO-C1-L29|EE-PRO-C1-L29-ACT-5|Pronunciation|5|5|
EE-PRO-C1-L29|EE-PRO-C1-L29-ACT-6|Discussion|6|1|
EE-PRO-C1-L30|EE-PRO-C1-L30-ACT-1|Warm-up|1|2|
EE-PRO-C1-L30|EE-PRO-C1-L30-ACT-2|Language Presentation/Review|2|21|
EE-PRO-C1-L30|EE-PRO-C1-L30-ACT-3|Pronunciation|3|17|
EE-PRO-C1-L30|EE-PRO-C1-L30-ACT-4|Language Practice|4|11|
EE-PRO-C1-L30|EE-PRO-C1-L30-ACT-5|Discussion|5|1|
EE-PRO-C1-L31|EE-PRO-C1-L31-ACT-1|Warm-up|1|1|
EE-PRO-C1-L31|EE-PRO-C1-L31-ACT-2|Vocabulary|2|8|
EE-PRO-C1-L31|EE-PRO-C1-L31-ACT-3|Listening|3|7|
EE-PRO-C1-L31|EE-PRO-C1-L31-ACT-4|Pronunciation|4|7|
EE-PRO-C1-L31|EE-PRO-C1-L31-ACT-5|Language Practice|5|6|
EE-PRO-C1-L31|EE-PRO-C1-L31-ACT-6|Role-play|6|2|
EE-PRO-C1-L32|EE-PRO-C1-L32-ACT-1|Warm-up|1|1|
EE-PRO-C1-L32|EE-PRO-C1-L32-ACT-2|Language Presentation/Review|2|6|
EE-PRO-C1-L32|EE-PRO-C1-L32-ACT-3|Listening|3|4|
EE-PRO-C1-L32|EE-PRO-C1-L32-ACT-4|Language Practice|4|4|
EE-PRO-C1-L32|EE-PRO-C1-L32-ACT-5|Pronunciation|5|2|
EE-PRO-C1-L32|EE-PRO-C1-L32-ACT-6|Discussion|6|1|
EE-PRO-C1-L33|EE-PRO-C1-L33-ACT-1|Warm-up|1|1|
EE-PRO-C1-L33|EE-PRO-C1-L33-ACT-2|Vocabulary|2|8|
EE-PRO-C1-L33|EE-PRO-C1-L33-ACT-3|Listening|3|6|
EE-PRO-C1-L33|EE-PRO-C1-L33-ACT-4|Pronunciation|4|6|
EE-PRO-C1-L33|EE-PRO-C1-L33-ACT-5|Language Practice|5|6|
EE-PRO-C1-L33|EE-PRO-C1-L33-ACT-6|Discussion|6|1|
EE-PRO-C1-L34|EE-PRO-C1-L34-ACT-1|Warm-up|1|1|
EE-PRO-C1-L34|EE-PRO-C1-L34-ACT-2|Language Presentation/Review|2|5|
EE-PRO-C1-L34|EE-PRO-C1-L34-ACT-3|Listening|3|4|
EE-PRO-C1-L34|EE-PRO-C1-L34-ACT-4|Language Practice|4|4|
EE-PRO-C1-L34|EE-PRO-C1-L34-ACT-5|Pronunciation|5|1|
EE-PRO-C1-L34|EE-PRO-C1-L34-ACT-6|Discussion|6|1|
EE-PRO-C1-L35|EE-PRO-C1-L35-ACT-1|Warm-up|1|1|
EE-PRO-C1-L35|EE-PRO-C1-L35-ACT-2|Language Presentation/Review|2|8|
EE-PRO-C1-L35|EE-PRO-C1-L35-ACT-3|Listening|3|5|
EE-PRO-C1-L35|EE-PRO-C1-L35-ACT-4|Pronunciation|4|2|
EE-PRO-C1-L35|EE-PRO-C1-L35-ACT-5|Language Practice|5|7|
EE-PRO-C1-L35|EE-PRO-C1-L35-ACT-6|Discussion|6|1|
EE-PRO-C1-L36|EE-PRO-C1-L36-ACT-1|Warm-up|1|1|
EE-PRO-C1-L36|EE-PRO-C1-L36-ACT-2|Language Presentation/Review|2|6|
EE-PRO-C1-L36|EE-PRO-C1-L36-ACT-3|Listening|3|4|
EE-PRO-C1-L36|EE-PRO-C1-L36-ACT-4|Language Practice|4|4|activities 3 and 4 in the same slide
EE-PRO-C1-L36|EE-PRO-C1-L36-ACT-5|Pronunciation|5|2|
EE-PRO-C1-L36|EE-PRO-C1-L36-ACT-6|Discussion|6|1|
EE-PRO-C1-L37|EE-PRO-C1-L37-ACT-1|Warm-up|1|1|
EE-PRO-C1-L37|EE-PRO-C1-L37-ACT-2|Language Presentation/Review|2|5|
EE-PRO-C1-L37|EE-PRO-C1-L37-ACT-3|Listening|3|4|
EE-PRO-C1-L37|EE-PRO-C1-L37-ACT-4|Language Practice|4|6|
EE-PRO-C1-L37|EE-PRO-C1-L37-ACT-5|Pronunciation|5|2|
EE-PRO-C1-L37|EE-PRO-C1-L37-ACT-6|Discussion|6|1|
EE-PRO-C1-L38|EE-PRO-C1-L38-ACT-1|Warm-up|1|1|
EE-PRO-C1-L38|EE-PRO-C1-L38-ACT-2|Language Presentation/Review|2|7|
EE-PRO-C1-L38|EE-PRO-C1-L38-ACT-3|Listening|3|4|
EE-PRO-C1-L38|EE-PRO-C1-L38-ACT-4|Language Practice|4|4|
EE-PRO-C1-L38|EE-PRO-C1-L38-ACT-5|Pronunciation|5|1|
EE-PRO-C1-L38|EE-PRO-C1-L38-ACT-6|Discussion|6|1|
EE-PRO-C1-L39|EE-PRO-C1-L39-ACT-1|Warm-up|1|1|
EE-PRO-C1-L39|EE-PRO-C1-L39-ACT-2|Language Presentation/Review|2|6|
EE-PRO-C1-L39|EE-PRO-C1-L39-ACT-3|Listening|3|4|
EE-PRO-C1-L39|EE-PRO-C1-L39-ACT-4|Language Practice|4|2|
EE-PRO-C1-L39|EE-PRO-C1-L39-ACT-5|Pronunciation|5|1|
EE-PRO-C1-L39|EE-PRO-C1-L39-ACT-6|Discussion|6|1|
EE-PRO-C1-L40|EE-PRO-C1-L40-ACT-1|Warm-up|1|1|
EE-PRO-C1-L40|EE-PRO-C1-L40-ACT-2|Language Presentation/Review|2|10|
EE-PRO-C1-L40|EE-PRO-C1-L40-ACT-3|Listening|3|2|
EE-PRO-C1-L40|EE-PRO-C1-L40-ACT-4|Language Practice|4|7|
EE-PRO-C1-L40|EE-PRO-C1-L40-ACT-5|Pronunciation|5|2|
EE-PRO-C1-L40|EE-PRO-C1-L40-ACT-6|Discussion|6|2|
EE-PRO-C1-L41|EE-PRO-C1-L41-ACT-1|Warm-up|1|1|
EE-PRO-C1-L41|EE-PRO-C1-L41-ACT-2|Language Review|2|13|
EE-PRO-C1-L41|EE-PRO-C1-L41-ACT-3|Listening|3|5|
EE-PRO-C1-L41|EE-PRO-C1-L41-ACT-4|Language Practice|4|7|
EE-PRO-C1-L41|EE-PRO-C1-L41-ACT-5|Pronunciation|5|2|
EE-PRO-C1-L41|EE-PRO-C1-L41-ACT-6|Discussion|6|2|
EE-PRO-C1-L42|EE-PRO-C1-L42-ACT-1|Warm-up|1|1|
EE-PRO-C1-L42|EE-PRO-C1-L42-ACT-2|Vocabulary|2|7|
EE-PRO-C1-L42|EE-PRO-C1-L42-ACT-3|Listening|3|6|
EE-PRO-C1-L42|EE-PRO-C1-L42-ACT-4|Pronunciation|4|9|
EE-PRO-C1-L42|EE-PRO-C1-L42-ACT-5|Language Practice|5|6|
EE-PRO-C1-L42|EE-PRO-C1-L42-ACT-6|Role-play|6|2|
EE-PRO-C1-L43|EE-PRO-C1-L43-ACT-1|Warm-up|1|1|
EE-PRO-C1-L43|EE-PRO-C1-L43-ACT-2|Language Presentation/Review|2|9|
EE-PRO-C1-L43|EE-PRO-C1-L43-ACT-3|Listening|3|5|
EE-PRO-C1-L43|EE-PRO-C1-L43-ACT-4|Pronunciation|4|2|
EE-PRO-C1-L43|EE-PRO-C1-L43-ACT-5|Discussion|5|1|
EE-PRO-C1-L44|EE-PRO-C1-L44-ACT-1|Warm-up|1|1|
EE-PRO-C1-L44|EE-PRO-C1-L44-ACT-2|Language Presentation/Review|2|9|
EE-PRO-C1-L44|EE-PRO-C1-L44-ACT-3|Listening|3|2|
EE-PRO-C1-L44|EE-PRO-C1-L44-ACT-4|Language Practice|4|6|
EE-PRO-C1-L44|EE-PRO-C1-L44-ACT-5|Pronunciation|5|1|
EE-PRO-C1-L44|EE-PRO-C1-L44-ACT-6|Discussion|6|1|
EE-PRO-C1-L45|EE-PRO-C1-L45-ACT-1|Warm-up|1|1|
EE-PRO-C1-L45|EE-PRO-C1-L45-ACT-2|Language Presentation/Review|2|6|
EE-PRO-C1-L45|EE-PRO-C1-L45-ACT-3|Listening|3|5|
EE-PRO-C1-L45|EE-PRO-C1-L45-ACT-4|Language Practice|4|6|
EE-PRO-C1-L45|EE-PRO-C1-L45-ACT-5|Pronunciation|5|1|
EE-PRO-C1-L45|EE-PRO-C1-L45-ACT-6|Discussion|6|1|
EE-PRO-C1-L46|EE-PRO-C1-L46-ACT-1|Warm-up|1|1|
EE-PRO-C1-L46|EE-PRO-C1-L46-ACT-2|Vocabulary|2|11|
EE-PRO-C1-L46|EE-PRO-C1-L46-ACT-3|Listening|3|6|
EE-PRO-C1-L46|EE-PRO-C1-L46-ACT-4|Pronunciation|4|10|
EE-PRO-C1-L46|EE-PRO-C1-L46-ACT-5|Language Practice|5|6|
EE-PRO-C1-L46|EE-PRO-C1-L46-ACT-6|Discussion|6|2|
EE-PRO-C1-L47|EE-PRO-C1-L47-ACT-1|Warm-up|1|1|
EE-PRO-C1-L47|EE-PRO-C1-L47-ACT-2|Vocabulary|2|9|
EE-PRO-C1-L47|EE-PRO-C1-L47-ACT-3|Listening|3|5|
EE-PRO-C1-L47|EE-PRO-C1-L47-ACT-4|Pronunciation|4|5|
EE-PRO-C1-L47|EE-PRO-C1-L47-ACT-5|Language Practice|5|7|
EE-PRO-C1-L47|EE-PRO-C1-L47-ACT-6|Discussion|6|2|
EE-PRO-C1-L48|EE-PRO-C1-L48-ACT-1|Warm-up|1|1|
EE-PRO-C1-L48|EE-PRO-C1-L48-ACT-2|Language Presentation/Review|2|10|
EE-PRO-C1-L48|EE-PRO-C1-L48-ACT-3|Listening|3|7|
EE-PRO-C1-L48|EE-PRO-C1-L48-ACT-4|Language Practice|4|8|
EE-PRO-C1-L48|EE-PRO-C1-L48-ACT-5|Pronunciation|5|2|
EE-PRO-C1-L48|EE-PRO-C1-L48-ACT-6|Role-play|6|2|