id|code|title|category|level_order|level_id|subject|slug|audio_count|provider_code|provider_id|rex_course|rex_pp_lesson|rex_language|rex_key_language
0c9e7cb0-361b-4a1e-887b-c99fafdf9095|EE-BSC-A1-L1|I'm... You're...|GRAMMAR|1|1cc42205-ace0-4b9d-99f6-d7586b02e8e6|Present simple - to be|im-youre|0|REX|2727139|Starter||Grammar|form: use to be to say something is true - you can make the subject and to be shorter by contracting the two words into one
b5ebe7ec-b41f-4549-8a19-18687b0e3c94|EE-BSC-A1-L2|Introducing yourself|SPEAKING|2|1cc42205-ace0-4b9d-99f6-d7586b02e8e6|Everyday life - small talk|introducing-yourself|1|REX|2748199|Starter||Vocabulary|name, Nice to meet you, Where are you from? Job
ee17ef7c-548e-4076-b5de-a03425ed4ec0|EE-BSC-A1-L3|How many people work here?|READING|3|1cc42205-ace0-4b9d-99f6-d7586b02e8e6|Business - numbers|how-many-people-work-here|1|REX|2743768|Starter|2922687|Vocabulary|one hundred, two thousand, three million, four hundred, five thousand, six million
708dd60e-ecd1-424a-b6b9-45a2b987f0bc|EE-BSC-A1-L4|My work routine|GRAMMAR|4|1cc42205-ace0-4b9d-99f6-d7586b02e8e6|Present|my-work-routine|1|REX|2727721|Starter|2918574|Grammar|I have a coffee in the morning; I have a meeting today; I have lunch in a restaurant; I have a big desk in my office
6f0c8b4f-a82d-4027-8572-dceea7669d57|EE-BSC-A1-L5|How many emails do you write?|LISTENING|5|1cc42205-ace0-4b9d-99f6-d7586b02e8e6|Everyday life - jobs|how-many-emails-do-you-write|2|REX|2737799|Starter|2922132|Vocabulary|always, often, usually, sometimes, never
a3948b64-f1f6-449c-9f08-8b011ac23449|EE-BSC-A1-L6|Do you like your job?|SPEAKING|6|1cc42205-ace0-4b9d-99f6-d7586b02e8e6|Everyday life - work|do-you-like-your-job|1|REX|2747429|Starter|2923032|Vocabulary|like, don't like, love, hate, favorite, interesting, boring
130e4a24-3187-4243-9923-dc8bbb7f0d6f|EE-BSC-A1-L7|At the mall|READING|7|1cc42205-ace0-4b9d-99f6-d7586b02e8e6|Everyday life - shopping|at-the-mall|1|REX|2740817|Starter|2922267|Vocabulary|food, clothes, shoes, computer, many different things, store
ea2ed014-2c34-4696-abeb-f1016a3d6dc7|EE-BSC-A1-L8|There's a nice jacket in the store|GRAMMAR|8|1cc42205-ace0-4b9d-99f6-d7586b02e8e6|Quantifiers - There is… / There are… |theres-a-nice-jacket-in-the-store|0|REX|2732843|Starter||Grammar|usage: use there is / there's to talk about singular nouns; use there are to talk about plural nouns (you can't say there're)
c40fe5a0-25e4-4974-81c8-2e99af0ff656|EE-BSC-A1-L9|I like shopping|LISTENING|9|1cc42205-ace0-4b9d-99f6-d7586b02e8e6|Everyday life - shopping|i-like-shopping|1|REX|2736793|Starter|2922072|Vocabulary|dress, skirt, shirt, T-shirt, jacket, pants, jeans, hat, wear
0a8dc43f-e4c8-423b-8031-18e3cf15184d|EE-BSC-A1-L10|Can I help you?|SPEAKING|10|1cc42205-ace0-4b9d-99f6-d7586b02e8e6|Everyday life - shopping|can-i-help-you|1|REX|2748554|Starter|2923304|Vocabulary|Can I have …? Do you have…? How much is…? Can I help you?
8380713d-4d96-473c-ba9e-fb5e7b51abec|EE-BSC-A1-L11|What do you have for breakfast?|READING|11|1cc42205-ace0-4b9d-99f6-d7586b02e8e6|Everyday life - food|what-do-you-have-for-breakfast|1|REX|2741721|Starter|2922407|Vocabulary|breakfast, lunch, dinner
50aac901-2cfd-4657-a4a9-dd748c886057|EE-BSC-A1-L12|Do you like cereal?|GRAMMAR|12|1cc42205-ace0-4b9d-99f6-d7586b02e8e6|Present simple - questions|do-you-like-cereal|0|REX|2728277|Starter||Grammar|yes/no questions with you/they: Do you/they + verb; yes/no questions with he/she: Does he/she + verb
9bb11968-a831-4d2a-a61c-62d385e0413a|EE-BSC-A1-L13|What do you usually eat?|LISTENING|13|1cc42205-ace0-4b9d-99f6-d7586b02e8e6|Everyday life - food|what-do-you-usually-eat|1|REX|2736389|Starter|2922017|Vocabulary|lamb, chicken, potato, carrots, dessert, cake, ice cream, chocolate
1874151a-e70f-4fb6-a8c5-bbf8d915eba2|EE-BSC-A1-L14|I really like fast food|SPEAKING|14|1cc42205-ace0-4b9d-99f6-d7586b02e8e6|Everyday life - food|i-really-like-fast-food|1|REX|2749066|Starter|2923122|Vocabulary|really, very, fast food, sugar, salt, orange, banana
8129bad8-3c36-4a1a-934c-0004bb737c64|EE-BSC-A1-L15|Public transport|READING|15|1cc42205-ace0-4b9d-99f6-d7586b02e8e6|Travel - transportation|public-transport|1|REX|2745181|Starter|2922852|Vocabulary|train station, bus stop, taxi stand, city center, ticket machine
f218a0c9-673d-4c83-bb77-85655fe0b72d|EE-BSC-A1-L16|Catch the bus at the bus stop|GRAMMAR|16|1cc42205-ace0-4b9d-99f6-d7586b02e8e6|Imperatives|catch-the-bus-at-the-bus-stop|0|REX|2731290|Starter|2921755|Grammar|positive: get off, tell, wait, catch; usage: base form of the verb, without to
7964a285-035d-4425-a4cc-d5d35849e5db|EE-BSC-A1-L17|How do you get to work?|LISTENING|17|1cc42205-ace0-4b9d-99f6-d7586b02e8e6|Travel - transportation|how-do-you-get-to-work|3|REX|2735647|Starter|2921977|Vocabulary|bike, car, walk, ride, drive
57581993-31bb-4680-b62f-c4c39fc6beac|EE-BSC-A1-L18|Where's the station, please?|SPEAKING|18|1cc42205-ace0-4b9d-99f6-d7586b02e8e6|Travel - directions|wheres-the-station-please|1|REX|2750139|Starter|2923588|Vocabulary|street, turn right, turn left, go straight down the street, the end of the street, go past, it's on the left, it's on the right
53f67ba0-4538-4f33-9d90-d58830189cb5|EE-BSC-A1-L19|My company's products|GRAMMAR|19|1cc42205-ace0-4b9d-99f6-d7586b02e8e6|Adjectives - possessive|my-companys-products|0|REX|2732350|Starter||Grammar|I > you / you > your / he > his / she > her / we > our / they > their - usage: use a possessive adjective to say something belongs to you or somebody else; use before a noun 
825ee932-40ab-4f4a-919b-f0bb9177dd06|EE-BSC-A1-L20|This is the office|LISTENING|20|1cc42205-ace0-4b9d-99f6-d7586b02e8e6|Business - everyday work|this-is-the-office|1|REX|2740458|Starter|2922217|Vocabulary|office, floor, elevator, meeting room, first, second, third
ac70952f-1bb7-4d7d-bc15-492e7457943c|EE-BSC-A1-L21|Can we meet tomorrow?|SPEAKING|21|1cc42205-ace0-4b9d-99f6-d7586b02e8e6|Everyday life - work|can-we-meet-tomorrow|1|REX|2747831|Starter|2923082|Vocabulary|busy, today, tomorrow, let's…, see you…
3eba853f-c8f8-43fa-b8d0-d8eee1c2c90e|EE-BSC-A1-L22|An international family|READING|22|1cc42205-ace0-4b9d-99f6-d7586b02e8e6|Family and friends|an-international-family|1|REX|2743284|Starter|2922637|Vocabulary|parents, father, mother, brother, sister, husband, wife
242f0ae0-7b72-4b75-ae4f-8c4f8408554e|EE-BSC-A1-L23|I lived in New York|GRAMMAR|23|1cc42205-ace0-4b9d-99f6-d7586b02e8e6|Past simple|i-lived-in-new-york|1|REX|2729251|Starter||Grammar|the past simple form: (to be) - was / were; negative: was not, wasn't / were not, weren't
ecb9732e-9c20-407b-916e-6e119efc479b|EE-BSC-A1-L24|I didn't play basketball|LISTENING|24|1cc42205-ace0-4b9d-99f6-d7586b02e8e6|Past simple - negative |i-didnt-play-basketball|1|REX|2736009|Starter||Grammar|Form: to say something is not true in the past - use didn't (or did not) before the base form of the verb
1e1d63e3-5532-4c2f-bba0-a43fd4d01aa4|EE-BSC-A1-L25|Did you clean the house today?|SPEAKING|25|1cc42205-ace0-4b9d-99f6-d7586b02e8e6|Everyday life - chores|did-you-clean-the-house-today|1|REX|2749765|Starter|2923339|Vocabulary|clean, cook, wash, dishes, windows, floor
073244a4-3239-4e89-a6b2-2c4ac023d0d5|EE-BSC-A1-L26|This is my phone|READING|26|1cc42205-ace0-4b9d-99f6-d7586b02e8e6|Society - technology|this-is-my-phone|1|REX|2746161|Starter|2922952|Vocabulary|make, send, get, use, watch
14593bd7-eb7d-4e2f-810a-34498d944c01|EE-BSC-A1-L27|I bought a new phone|GRAMMAR|27|1cc42205-ace0-4b9d-99f6-d7586b02e8e6|Past, past simple|i-bought-a-new-phone|0|REX|2729766|Starter||Grammar|Past: nouns, adjectives, and prepositions: yesterday, last, ago, for, in; The past simple: irregular verbs - have > had, make > made, send > sent, buy > bought, get > got, go > went
06cc525b-00d0-4b57-8468-6763ff6fd5d5|EE-BSC-A1-L28|I liked my old phone|LISTENING|28|1cc42205-ace0-4b9d-99f6-d7586b02e8e6|Everyday life - technology|i-liked-my-old-phone|1|REX|2738196|Starter|2922172|Vocabulary|big, small, light, heavy, radio, laptop
d2604100-6e16-4013-a107-05916fc981f5|EE-BSC-A1-L29|Can I speak to Mr. Smith?|SPEAKING|29|1cc42205-ace0-4b9d-99f6-d7586b02e8e6|Business - phonecalls|can-i-speak-to-mr-smith|0|REX|2750873|Starter|2923543|Vocabulary|How can I help you? Can I speak to…? It's…; I'm sorry, but…; Can I take a message? Can he call…?
022f55c3-c76d-456e-8724-c163a6d5ad5f|EE-BSC-A1-L30|When do you go to the gym?|READING|30|1cc42205-ace0-4b9d-99f6-d7586b02e8e6|Everyday life - dates|when-do-you-go-to-the-gym|1|REX|2742685|Starter|2922527|Vocabulary|Monday, Tuesday, Wednesday, Thursday, Friday, Saturday, Sunday
734d110e-6fe5-45b2-a47c-1215dc2827d4|EE-BSC-A1-L31|What did you do on Saturday?|GRAMMAR|31|1cc42205-ace0-4b9d-99f6-d7586b02e8e6|Past simple|what-did-you-do-on-saturday|0|REX|2730310|Starter||Grammar|form: to ask yes/no questions in the past simple, use did she/he/we/you + base form of the verb + ?
00c694e4-b4a9-481c-8d40-4de1100c0bf8|EE-BSC-A1-L32|It was very hot and sunny|LISTENING|32|1cc42205-ace0-4b9d-99f6-d7586b02e8e6|Nature and the environment - weather|it-was-very-hot-and-sunny|1|REX|2733339|Starter|2921790|Vocabulary|hot, cold, sunny, wind, rain, snow
8e69ee7e-7633-404a-881f-0773f010c80e|EE-BSC-A1-L33|How long did you work there?|SPEAKING|33|1cc42205-ace0-4b9d-99f6-d7586b02e8e6|Business - dates|how-long-did-you-work-there|1|REX|2751258|Starter||Vocabulary|How long…?, sold, left, became, college, spring, summer, fall, winter
0332e94e-cc54-4e64-ab51-b3763ae23893|EE-BSC-A1-L34|Let's order takeout|READING|34|1cc42205-ace0-4b9d-99f6-d7586b02e8e6|Everyday life - food|lets-order-takeout|1|REX|2742187|Starter|2922472|Vocabulary|fries, soft drink, eat, drink, take out, restaurant, pizza, hamburger
54b5b9f0-1cb6-4d96-8b24-dfbc30f796cb|EE-BSC-A1-L35|I'd like the chicken, please|GRAMMAR|35|1cc42205-ace0-4b9d-99f6-d7586b02e8e6|Auxiliary verb - would like|id-like-the-chicken-please|0|REX|2726633|Starter||Grammar|making requests: would like - form: to talk about what you want in a polite way, use subject + would like (or 'd like) + noun
e0705e24-99ca-4ad0-9580-fa2b048b5102|EE-BSC-A1-L36|What did you do on the weekend?|LISTENING|36|1cc42205-ace0-4b9d-99f6-d7586b02e8e6|Leisure and entertainment - leisure|what-did-you-do-on-the-weekend|1|REX|2733705|Starter|2921835|Vocabulary|home, café, party, museum, movie theater, visit, stay
88a408b1-d17c-4435-a592-9b92c6adad9c|EE-BSC-A1-L37|Are you ready to order?|SPEAKING|37|1cc42205-ace0-4b9d-99f6-d7586b02e8e6|Everyday life - food|are-you-ready-to-order|1|REX|2749420|Starter|2923172|Vocabulary|ready (to order), order, starter, main course, dessert, salad, soup
e177f984-1b66-48fe-be4d-b1d7209e1920|EE-BSC-A1-L38|I play soccer every week|READING|38|1cc42205-ace0-4b9d-99f6-d7586b02e8e6|Leisure - leisure time|i-play-soccer-every-week|1|REX|2745670|Starter|2922892|Vocabulary|free time, exercise, soccer, swimming, skiing, board games, video games, music, book
73ab3d5e-5b37-4d43-963b-72da2a0cab0a|EE-BSC-A1-L39|I couldn't speak French when I was a child|GRAMMAR|39|1cc42205-ace0-4b9d-99f6-d7586b02e8e6|Modal verbs - can for present ability|i-couldnt-speak-french-when-i-was-a-child|0|REX|2731810|Starter||Grammar|Can (able to) - form: can + base form of the verb; can't (not able to) - form: can't (or cannot) + base form of the verb
b5d08487-81e4-49e3-aec5-34747e249763|EE-BSC-A1-L40|My husband plays golf|LISTENING|40|1cc42205-ace0-4b9d-99f6-d7586b02e8e6|Leisure and entertainment - sports|my-husband-plays-golf|1|REX|2734738|Starter|2921882|Vocabulary|baseball, tennis, basketball, badminton, golf
bc1ef6e0-b006-48a5-8454-a14eb67d0c3d|EE-BSC-A1-L41|I really need to keep fit|SPEAKING|41|1cc42205-ace0-4b9d-99f6-d7586b02e8e6|Leisure - sports|i-really-need-to-keep-fit|1|REX|2751635|Starter|2923498|Vocabulary|open, close, credit card, swimming pool, exercise machine, keep fit
fca15217-f6fa-4c3f-ae82-8036b081410f|EE-BSC-A1-L42|I go sightseeing in the city|READING|42|1cc42205-ace0-4b9d-99f6-d7586b02e8e6|Travel - vacations|i-go-sightseeing-in-the-city|1|REX|2744649|Starter|2922787|Vocabulary|vacation, sightseeing, beach, sea, boat, tourist, sunglasses, photo, camera, picnic
63da2d3b-765d-498e-8e00-85004c96bb79|EE-BSC-A1-L43|Where are you going to go on vacation?|GRAMMAR|43|1cc42205-ace0-4b9d-99f6-d7586b02e8e6|Future - be going to|where-are-you-going-to-go-on-vacation|0|REX|2730809|Starter||Grammar|usage: to say you plan to do something in the future, use to be + going to + base form of the the verb; etc.…
251097e3-c876-4732-9439-015d6004dc30|EE-BSC-A1-L44|We went camping last year|LISTENING|44|1cc42205-ace0-4b9d-99f6-d7586b02e8e6|Travel - vacations|we-went-camping-last-year|1|REX|2735190|Starter|2921922|Vocabulary|hotel, apartment, camping, cruise, fun, exciting, tiring, horrible
042a4d75-bdb6-4789-ab9a-339c29ab9c48|EE-BSC-A1-L45|Let's meet at the mall|READING|45|1cc42205-ace0-4b9d-99f6-d7586b02e8e6|Society - town and country|lets-meet-at-the-mall|1|REX|2746588|Starter|2922992|Vocabulary|above, in front of, in, on, at
17c1b0f4-a021-4c91-9015-e79e8e0bb293|EE-BSC-A1-L46|I'm working in New York|GRAMMAR|46|1cc42205-ace0-4b9d-99f6-d7586b02e8e6|Present continuous - affirmative|im-working-in-new-york|0|REX|2728758|Starter||Grammar|form: to talk about a temporary situation, or something happening now, use am/is/are + verb + -ing
b02d8ca6-de4a-4226-943f-3606719ecccc|EE-BSC-A1-L47|My birthday's in June|LISTENING|47|1cc42205-ace0-4b9d-99f6-d7586b02e8e6|Everyday life - time|my-birthdays-in-june|1|REX|2738562|Starter||Vocabulary|prepositions: in, at, on - usage: in before a year or month; at before a particular time; on before a day of the week, holiday, or date
5c80a22d-ef04-4cf3-aec5-873941930fd2|EE-BSC-A1-L48|Why don't you go to a museum?|SPEAKING|48|1cc42205-ace0-4b9d-99f6-d7586b02e8e6|Towns and cities - giving advice/suggestions|why-dont-you-go-to-a-museum|1|REX|2752005|Starter||Vocabulary| usage: to give someone advice, you can make suggestions - form: you can + the base form of the verb; why not + the base form of the verb; how about + verb + -ing; etc...
b15a1209-b059-46f2-89eb-2f679ca09719|EE-BSC-A2-L1|Tell me about you|GRAMMAR|1|e0803552-37f9-4a67-ac1a-82bfa5ad7843|Present - to be|tell-me-about-you|0|REX|2564760|PE7||Grammar|usage: use the present simple form of the verb to be to talk about facts (age, job, nationality, etc.) form: I am; He/She/It is; We/You/They are; etc...
a093bbe6-8145-4c2c-b5ef-2e467eb5627b|EE-BSC-A2-L2|A typical day|LISTENING|2|e0803552-37f9-4a67-ac1a-82bfa5ad7843|Everyday life - routines|a-typical-day|1|REX|2564385|PE7||Vocabulary|wake up, get up, have breakfast, go to work / school, take the bus / subway, get home, watch TV, listen to music, go to bed
28c4fc75-6b07-4109-a626-2c6dffed2fb4|EE-BSC-A2-L3|Everyday activities|GRAMMAR|3|e0803552-37f9-4a67-ac1a-82bfa5ad7843|Present simple|everyday-activities|0|REX|2563658|PE7||Grammar|usage: to talk about habits, routines, and general truths; he/she/it +-s/-es; he/she/it question or negative, use does; you/we/they question or negative, use do
e528f047-2f45-44f9-bbf4-755be2b43385|EE-BSC-A2-L4|A bad day|READING|4|e0803552-37f9-4a67-ac1a-82bfa5ad7843|feelings|a-bad-day|0|REX|2564510|PE7|2907485|Vocabulary|bad, difficult, afraid, sorry, mean, serious, lose, hurt, cry, suffer
37aaad2b-5a76-42a1-91cf-a9dec287954e|EE-BSC-A2-L5|My daily routine|GRAMMAR|5|e0803552-37f9-4a67-ac1a-82bfa5ad7843|Present simple|my-daily-routine|0|REX|2564782|PE7||Grammar|usage: present simple to talk about facts, events, or habits - use with time expressions such as every morning/afternoon/day/evening/week/Monday, etc.…
324282a7-cca2-4898-9e79-23bf8fbb0c4b|EE-BSC-A2-L6|At the supermarket|LISTENING|6|e0803552-37f9-4a67-ac1a-82bfa5ad7843|Everyday life - shopping|at-the-supermarket|1|REX|2564360|PE7||Vocabulary|shopping cart, aisle, canned foods section, coupon,  shopping list, produce section, bakery section, check-out counter, meat section, grocery bag
962a2cd1-ec79-4781-a8bb-935c11bea2f1|EE-BSC-A2-L7|Everyday questions|GRAMMAR|7|e0803552-37f9-4a67-ac1a-82bfa5ad7843|Wh-questions|everyday-questions|0|REX|2564032|PE7||Grammar|Where…/ for places; Who…? for people; When…? to ask about time; How much…? for prices/cost; How…? for the way of doing something; How…? for quality, experience
3010c087-f8fe-4a33-a323-43c6b0e6df9d|EE-BSC-A2-L8|Enjoying yourself|READING|8|e0803552-37f9-4a67-ac1a-82bfa5ad7843|Leisure - leisure time|enjoying-yourself|1|REX|2562909|PE7||Vocabulary|enjoy, energy, spare time, rest, indoors/outdoors, go out, make friend, join
7ab06b39-11ba-4b46-8bfc-5db37f84f647|EE-BSC-A2-L9|Expressions about personal possessions|GRAMMAR|9|e0803552-37f9-4a67-ac1a-82bfa5ad7843|Adjectives - possessive|expressions-about-personal-possessions|0|REX|2563996|PE7||Grammar|I > my; you > your; he > his;  she > her; it > its; we > our; they > their; Pronouns: mine, yours, hers, his, ours, theirs
1577c5d5-bcdb-4917-9c3e-d3fb2850ba7b|EE-BSC-A2-L10|Buying a train ticket|LISTENING|10|e0803552-37f9-4a67-ac1a-82bfa5ad7843|Travel - reservations|buying-a-train-ticket|1|REX|2559043|PE7||Vocabulary|make a reservation, track, overnight, rent, direct, round-trip-ticket, business class, coach class, one-way ticket, seat
c7100c2a-d93d-4fa9-8620-ea80da4b6a30|EE-BSC-A2-L11|Cooking and food|GRAMMAR|11|e0803552-37f9-4a67-ac1a-82bfa5ad7843|Noun phrases|cooking-and-food|0|REX|2564146|PE7||Grammar|some, any: usage - a/an with singular count nouns; some with plural count/uncountable nouns if sentence is positive; any if sentence is negative or with question
52fe347b-d093-4dd2-9c95-cc7f3cff3966|EE-BSC-A2-L12|Good food|READING|12|e0803552-37f9-4a67-ac1a-82bfa5ad7843|Everyday life - food|good-food|1|REX|2561173|PE7||Vocabulary|delicious, fresh, healthy, fried, boiled, plate, taste, fast food, microwave meal, drink
cefcb699-0036-4cdc-82a0-32eb0f167493|EE-BSC-A2-L13|Where I work|GRAMMAR|13|e0803552-37f9-4a67-ac1a-82bfa5ad7843|Noun phrases - articles: a/an, the|where-i-work|0|REX|2564932|PE7||Grammar|usage: us a/an when you are talking about something for the first time - it means one thig or person; use an before sounds like a/e/i/o/u; use the when It is clear what person or think you are talking about; etc.…
d15f3730-9f89-4f2d-8617-124d509454a8|EE-BSC-A2-L14|Twins|GRAMMAR|14|e0803552-37f9-4a67-ac1a-82bfa5ad7843|Adjectives - comparative|twins|0|REX|2564874|PE7||Grammar|form: one syllable adjective ending in -e, add -r;  one syllable adjective ending in a vowel and consonant, double the consonant and add -er; etc.…
3d45d9da-702c-4455-8fbb-73d66dde73aa|EE-BSC-A2-L15|My working day|LISTENING|15|e0803552-37f9-4a67-ac1a-82bfa5ad7843|Business - everyday work|my-working-day|1|REX|2564435|PE7|2924367|Vocabulary|get to work, plan, reply, start, finish, meet, attend, call, take a break
7d4fbdef-501b-44b3-ac00-64454264abd6|EE-BSC-A2-L16|A good place to live|GRAMMAR|16|e0803552-37f9-4a67-ac1a-82bfa5ad7843|Adjectives and adverbs - superlatives|a-good-place-to-live|0|REX|2563984|PE7||Grammar|superlatives; one syllable + est; spelling; two syllables + -y; longer adjectives; Irregular
9d08d04a-fa55-44f5-a153-7bffe5c0f16c|EE-BSC-A2-L17|Where is it?|GRAMMAR|17|e0803552-37f9-4a67-ac1a-82bfa5ad7843|Prepositions - place (on, in, between, across from, near)|where-is-it|0|REX|2564894|PE7||Grammar|usage: use on to say that someone or something is touching the surface of something else; use in to say that someone or something is inside something else; etc...
0a51739c-469c-4aa5-a5fc-b8306775c640|EE-BSC-A2-L18|Good feelings|READING|18|e0803552-37f9-4a67-ac1a-82bfa5ad7843|People and relationships - feelings|good-feelings|1|REX|2564535|PE7|2924482|Vocabulary|happy, cheerful, excited, interested, sensitive, great, patient, open, confident, kind
eac53c5b-bd01-47c5-adff-96f65259166c|EE-BSC-A2-L19|Where things are|GRAMMAR|19|e0803552-37f9-4a67-ac1a-82bfa5ad7843|Prepositions - place  (in, on, at)|where-things-are|1|REX|2564072|PE7||Grammar|usage: use in with cities, countries, areas, buildings; use at with places to show where something or someone is; use on with types of transport such as planes, buses, and planes; etc.…
13a37f30-74ca-486b-b6eb-67d7bddbb629|EE-BSC-A2-L20|Using transportation|LISTENING|20|e0803552-37f9-4a67-ac1a-82bfa5ad7843|Travel - transportation|using-transportation|1|REX|2559093|PE7||Vocabulary|cab, take off, get off, land, get on, ferry, limousine, hire a car, ride, drive
16696a2e-2ea6-4955-875e-a49a4b1c7a41|EE-BSC-A2-L21|Good friends|READING|21|e0803552-37f9-4a67-ac1a-82bfa5ad7843|People and relationships|good-friends|1|REX|2564560|PE7||Vocabulary|meet, share, discuss, get along with, get together, introduce, spend time with, have fun with, understand, relate to
26f8061c-4eaa-4525-9e69-9c1b4b3aece5|EE-BSC-A2-L22|Making excuses|GRAMMAR|22|e0803552-37f9-4a67-ac1a-82bfa5ad7843|Linking words - conjunctions|making-excuses|0|REX|2564196|PE7||Grammar|cause and effect: because, so, and, but, or - usage: because helps explain the reason why; so gives the result of something; and gives more information about something; etc.…
595094af-3a9b-45ce-b1e6-bf2db12460cd|EE-BSC-A2-L23|Describing a meal|LISTENING|23|e0803552-37f9-4a67-ac1a-82bfa5ad7843|Everyday life - food|describing-a-meal|1|REX|2564335|PE7|2924302|Vocabulary|tasty, salty, spicy, sweet, fresh, raw, hot, cold, mild, stale
6fe97437-b2d2-40da-a2e4-67e4a4a16a4c|EE-BSC-A2-L24|A boring weekend|GRAMMAR|24|e0803552-37f9-4a67-ac1a-82bfa5ad7843|Past simple - regular |a-boring-weekend|0|REX|2564830|PE7||Grammar|affirmative/negative; question + short answers; spelling; form: wh questions + past simple; formal writing usage
8d20136a-607b-4e82-9b63-378576af7d81|EE-BSC-A2-L25|A smart criminal|READING|25|e0803552-37f9-4a67-ac1a-82bfa5ad7843|Society - law and order|a-smart-criminal|1|REX|2563068|PE7||Vocabulary|law, crime, criminal, jail, the police, murder, break into, catch a criminal, steal, rob
67ed3dda-740c-4e2e-9d5d-eaa85023cb10|EE-BSC-A2-L26|Yoko Ono's life|GRAMMAR|26|e0803552-37f9-4a67-ac1a-82bfa5ad7843|Past simple|yoko-onos-life|0|REX|2563730|PE7||Grammar|usage: use past simple to talk about the past; form - verb + -ed / didn't + -ed (regular verbs); verb + -d (verbs ending in -e); change -y to I and add -ed (verbs ending in consonant + -y); etc.…
063b2f26-5b24-4b7a-8cac-040636485314|EE-BSC-A2-L27|Free time activities|LISTENING|27|e0803552-37f9-4a67-ac1a-82bfa5ad7843|Leisure - leisure time|free-time-activities|1|REX|2564260|PE7||Vocabulary|sailing, diving, swimming, playing soccer, going out, going for a walk, running, doing exercises, watching TV, shopping
97e56004-753d-406d-bde7-8c397cce5b0b|EE-BSC-A2-L28|A night out|GRAMMAR|28|e0803552-37f9-4a67-ac1a-82bfa5ad7843|Past simple|a-night-out|0|REX|2564806|PE7||Grammar|verb to be: was/were; questions + short answers; Irregular verbs; wh questions + past simple; formal writing usage
48db0923-5aa8-42a8-ab70-f58f486d8b64|EE-BSC-A2-L29|Arranging meetings|READING|29|e0803552-37f9-4a67-ac1a-82bfa5ad7843|Business - meetings|arranging-meetings|0|REX|2561721|PE7||Vocabulary|audience, confirm, speaker, convention, give a talk, reserve, take place, convention center, topic
67a1d3e2-7433-42ee-9b67-716707a02bd4|EE-BSC-A2-L30|A life-and-death experience|GRAMMAR|30|e0803552-37f9-4a67-ac1a-82bfa5ad7843|Past continuous|a-lifeanddeath-experience|0|REX|2563722|PE7||Grammar|affirmative: was/were + verb + -ing; negative:  wasn't/weren't + verb + -ing; questions: question + was/were + subject + verb + -ing; usage: past simple and past continuous
091f63c3-a72d-40ec-94bb-2b2caa987d54|EE-BSC-A2-L31|Hotel reservations|LISTENING|31|e0803552-37f9-4a67-ac1a-82bfa5ad7843|Travel - reservations|hotel-reservations|1|REX|2558972|PE7||Vocabulary|reserve a room, bill, full, single room, double room, twin room, details, free, available, client
8737dcd9-a65c-4202-a9a6-d49dddccf630|EE-BSC-A2-L32|Scheduling a meeting|GRAMMAR|32|e0803552-37f9-4a67-ac1a-82bfa5ad7843|Prepositions - time|scheduling-a-meeting|0|REX|2564084|PE7||Grammar|in, on, at - usage: in for part of the day, seasons, and months; on with a day, or part of a day (Tuesday morning), at with points in time; no preposition with some time expressions, etc…
fa2d6799-98ac-420f-93aa-c15e144a945d|EE-BSC-A2-L33|Boarding a flight|READING|33|e0803552-37f9-4a67-ac1a-82bfa5ad7843|Travel - reservations|boarding-a-flight|1|REX|2562741|PE7||Vocabulary|window seat, check in, e-ticket, delayed, boarding pass, reservation, aisle seat, boarding gate
b2e72be6-819d-4638-9522-32ae77083edc|EE-BSC-A2-L34|Ways of doing things|GRAMMAR|34|e0803552-37f9-4a67-ac1a-82bfa5ad7843|Adverbs - manner|ways-of-doing-things|0|REX|2563914|PE7||Grammar|usage: adverbs or manner describe an action and usually come after the verb - He's typing quickly, for e.g.; form: make an adverb from an adjective by adding -ly (quick + ly > quickly); etc...
94bda4cd-ef6c-4231-bd82-53abaca2f7ce|EE-BSC-A2-L35|The weekly shopping trip|LISTENING|35|e0803552-37f9-4a67-ac1a-82bfa5ad7843|Everyday life - food|the-weekly-shopping-trip|1|REX|2564410|PE7|2907355|Vocabulary|cheese, fruit, vegetables, meat, snacks, frozen foods, bread, cookies, soda, potato chips
a103a887-4569-4484-a185-e5d1fae9dd84|EE-BSC-A2-L36|Getting around|READING|36|e0803552-37f9-4a67-ac1a-82bfa5ad7843|Travel - transportation|getting-around|1|REX|2564685|PE7||Vocabulary|get on, get off, get in, get out of, wait for, leave, arrive, stand on, sit down on, take
8dea9098-54b8-47d9-8abb-bad47abce294|EE-BSC-A2-L37|A famous sports person|GRAMMAR|37|e0803552-37f9-4a67-ac1a-82bfa5ad7843|Present perfect |a-famous-sports-person|0|REX|2563714|PE7||Grammar|present perfect for experience; affirmative/negative; question; usage - present perfect and past simple
1de27342-5fb1-463a-aebd-6854fa46f139|EE-BSC-A2-L38|On the road|READING|38|e0803552-37f9-4a67-ac1a-82bfa5ad7843|Travel - traveling|on-the-road|1|REX|2564660|PE7||Vocabulary|highway, lane, exit, entrance, intersection, street, route, block, crosswalk, traffic lights
46f6ba0e-5ef9-4ce8-a89f-54f177c12779|EE-BSC-A2-L39|My new life|GRAMMAR|39|e0803552-37f9-4a67-ac1a-82bfa5ad7843|Adverbs - frequency|my-new-life|0|REX|2564854|PE7||Grammar|always, usually, often, sometimes, hardly ever, never - usage: use to describe how many times something happens; position: after the verb to be; in front of the main verb (except verb to be) etc.…
bafdf15d-c4da-4a0e-b468-ec48b13d2a84|EE-BSC-A2-L40|Asking for tourist information|LISTENING|40|e0803552-37f9-4a67-ac1a-82bfa5ad7843|Travel - asking for information|asking-for-tourist-information|1|REX|2559360|PE7||Vocabulary|I'd like some information about…; Can/could you tell me…? Do you have a..?; Where can I get..?; Do you know..?; How much are? /does the…. cost?
02585b55-9328-4b39-a584-dc89a0630f51|EE-BSC-A2-L41|Paintings and plays|GRAMMAR|41|e0803552-37f9-4a67-ac1a-82bfa5ad7843|Noun phrases - regular plural|paintings-and-plays|0|REX|2564910|PE7||Grammar|usage - for most nouns add -s; for most nouns ending is -s/-ss/-sh/-x/-ch/-o add -es; for nouns ending in a consonant +-y, drop the -y and add -ies; etc.…
80c79f3c-8dca-4039-b68b-7e3cbfa873b5|EE-BSC-A2-L42|Apologizing|LISTENING|42|e0803552-37f9-4a67-ac1a-82bfa5ad7843|Business - apologizing|apologizing|1|REX|2560777|PE7||Vocabulary|calling a customer; I'm calling in regard to /about... / returning your call; apologizing: I must / do apologize for...; I'm very sorry that / about…
78205861-747d-479c-9bb2-a35dbff21b99|EE-BSC-A2-L43|Food I love|GRAMMAR|43|e0803552-37f9-4a67-ac1a-82bfa5ad7843|Linking words - and, but, so, because, or |food-i-love|0|REX|2564952|PE7||Grammar|usage: and to connect two ideas/things; but to join contrasting ideas; so to show cause and effect; because to give reason; or to show alternatives
44ef1953-ee85-4dd3-895b-2df18c3096e4|EE-BSC-A2-L44|At the movie theater|LISTENING|44|e0803552-37f9-4a67-ac1a-82bfa5ad7843|Leisure - movies and plays|at-the-movie-theater|1|REX|2564285|PE7|2924237|Vocabulary|actor, movie, story, sad, funny, boring, exciting, laugh, cry, clap
175a2515-4619-4d73-aa5a-50e6c69ad041|EE-BSC-A2-L45|Studying abroad|GRAMMAR|45|e0803552-37f9-4a67-ac1a-82bfa5ad7843|Conditionals - first|studying-abroad|0|REX|2563820|PE7||Grammar|usage: use if…, will…, to say what you think the result of an action will be in the future; use what'll…, if…, to ask what the result of an action will be in the future, etc…
921932fd-aec4-40e3-b2d5-ae9082b707db|EE-BSC-A2-L46|Office jobs|LISTENING|46|e0803552-37f9-4a67-ac1a-82bfa5ad7843|Business - everyday work|office-jobs|1|REX|2564485|PE7|2924432|Vocabulary|supervisor, office manager, IT manager, receptionist, accountant, HR manager, project manager, mail clerk, CEO, administrative assistant
20ba5829-441a-4aa3-9985-49180594ec15|EE-BSC-A2-L47|Ways to spend your free time|GRAMMAR|47|e0803552-37f9-4a67-ac1a-82bfa5ad7843|Verbs and tenses - likes and dislikes|ways-to-spend-your-free-time|1|REX|2563770|PE7||Grammar|form: use verb + -ing or a noun after love, like, don't mind, hate; subject +  like(s) + verb + -ing; Don't/Doesn't + like + verb + -ing; Do/Does + subject + like + verb + -ing; etc.…
11f90ba2-bee5-425a-8108-0653f93fbcf3|EE-BSC-A2-L48|Playing soccer|LISTENING|48|e0803552-37f9-4a67-ac1a-82bfa5ad7843|Leisure and entertainment - sports|playing-soccer|1|REX|2564310|PE7|2907290|Vocabulary|win, lose, compete, score a goal, coach, train, beat, play, kick, wear
31a69a80-f2a6-430c-a6bd-aff5afd7e076|EE-IND-B1-L1|Directing someone around town|LISTENING|1|92af529b-8d11-4ab9-bbc6-85d8ad575ed3|Travel - directions|directing-someone-around-town|1|REX|2558926|PE7||Vocabulary|block, walk past, turn left on, How far is it?, on your right, go straight, How long does it take?, take a right, on the left, How do I get to?
cdf27b34-7424-46ac-a292-1ecfaeed2944|EE-IND-B1-L2|Healthy habits|GRAMMAR|2|92af529b-8d11-4ab9-bbc6-85d8ad575ed3|Adverbs: Frequency|healthy-habits|0|REX|2563898|PE7||Grammar|always, often, usually, never, sometimes, hardly ever; usage; adverbs of frequency are used before the main verb; sometimes, usually, often can be used before subjects at the beginning or end of sentences
30acd393-c0b4-42eb-b983-011fcce8bc1d|EE-IND-B1-L3|Eating at a restaurant|LISTENING|3|92af529b-8d11-4ab9-bbc6-85d8ad575ed3|Everyday life - food|eating-at-a-restaurant|1|REX|2559923|PE7|2901248|Vocabulary|fish, seafood, steak, favorite, serve, chicken, order, meal, dessert, meat
91d4c383-4f31-464b-a0ef-8bca86af5578|EE-IND-B1-L4|At the airport|READING|4|92af529b-8d11-4ab9-bbc6-85d8ad575ed3|Travel - airport|at-the-airport|1|REX|2562720|PE7|2907995|Vocabulary|security, baggage claim, customs, immigration, boarding time, screen, departure, arrival
f712aed0-edb6-47d6-b3e9-8dad620ffd2e|EE-IND-B1-L5|Enjoying the weekend|LISTENING|5|92af529b-8d11-4ab9-bbc6-85d8ad575ed3|Leisure - leisure time|enjoying-the-weekend|1|REX|2558656|PE7||Vocabulary|play an instrument, stay in shape, visit the country, gamble, enjoy yourself, relax, go for a walk, watch a movie, go to a fair, eat out
175d25f3-0f60-4060-af0b-a2106009b032|EE-IND-B1-L6|A disastrous holiday|GRAMMAR|6|92af529b-8d11-4ab9-bbc6-85d8ad575ed3|Past simple - irregular verbs|a-disastrous-holiday|0|REX|2563698|PE7||Grammar|past simple - irregular verbs not ending in 'ed'
d306911b-767a-42b3-81d3-d063e8d05316|EE-IND-B1-L7|Directing someone around the office|READING|7|92af529b-8d11-4ab9-bbc6-85d8ad575ed3|Business - giving directions|directing-someone-around-the-office|1|REX|2562657|PE7||Vocabulary|next to, across from, go up, take the elevator, turn right, at the end of the hall, go straight, second door on the right
e114c76a-dea3-49f0-8afa-d97233801f18|EE-IND-B1-L8|Getting to your hotel|LISTENING|8|92af529b-8d11-4ab9-bbc6-85d8ad575ed3|Travel - directions|getting-to-your-hotel|1|REX|2559254|PE7||Vocabulary|Can you tell me the best/easiest/fastest way to…?; What's the best way to…?; Where can I get a bus/train/taxi?; How do I get a…?; How long is the ride/trip?; How much does it cost?
13e02c00-19d2-43d4-9e3b-92070c5a34d4|EE-IND-B1-L9|Layout of an office|GRAMMAR|9|92af529b-8d11-4ab9-bbc6-85d8ad575ed3|Prepositions - place|layout-of-an-office|1|REX|2564098|PE7||Grammar|Usage:  use prepositions of place - on, in front of, behind, under, above, below, next to, near, opposite, across from, between to say where things are
98b46d0b-9260-4501-878b-28ec9e6f5cb5|EE-IND-B1-L10|Ordering a meal in a restaurant|LISTENING|10|92af529b-8d11-4ab9-bbc6-85d8ad575ed3|Travel - ordering a meal|ordering-a-meal-in-a-restaurant|1|REX|2559288|PE7||Vocabulary|I'll have a large/small orange juice/cola/coffee; Could I see the drinks menu?; What's the soup of the day?; What are your specials tonight? Etc.…
1ee988f4-b367-4fc8-af77-847274def042|EE-IND-B1-L11|Looks and appearance|READING|11|92af529b-8d11-4ab9-bbc6-85d8ad575ed3|People and relationships - appearance|looks-and-appearance|1|REX|2561491|PE7|2905380|Vocabulary|average height, straight, formal, slim, curly, casual, sneakers, beard, bald, suit
bbd7cf3b-c98a-453d-b28f-0b94c27f381e|EE-IND-B1-L12|Parts of the body|LISTENING|12|92af529b-8d11-4ab9-bbc6-85d8ad575ed3|Everyday life - health|parts-of-the-body|1|REX|2560044|PE7|2904150|Vocabulary|shoulder, elbow, waist, back, heel, wrist, leg, chin, foot, knee
578d6015-6116-49f0-a656-2c9bc5d6e67b|EE-IND-B1-L13|Planning to go out|LISTENING|13|92af529b-8d11-4ab9-bbc6-85d8ad575ed3|People and relationships - social|planning-to-go-out|1|REX|2559550|PE7||Vocabulary|get together, as usual, busy, free, meet up, what about…?, can't make, why not…?, go out for, great
937a61dc-1580-4fa0-a7bf-310fafff95ac|EE-IND-B1-L14|Enthusiastic soccer fans|GRAMMAR|14|92af529b-8d11-4ab9-bbc6-85d8ad575ed3|Auxiliary - can/could|enthusiastic-soccer-fans|0|REX|2563586|PE7||Grammar|affirmative: can + infinitive without to; negative can/can't + infinitive without to; question - can + subject + infinitive without to
39ddf564-5bba-408d-9304-2ac49a0c7692|EE-IND-B1-L15|Spending time on hobbies|READING|15|92af529b-8d11-4ab9-bbc6-85d8ad575ed3|Leisure and entertainment - leisure|spending-time-on-hobbies|1|REX|2562846|PE7||Vocabulary|go sailing, give up, be keen on, dangerous, go diving, take up (doing something); go climbing, can't stand (doing something)
1f2e1030-8cef-445b-aac3-003a58747602|EE-IND-B1-L16|Playing sports|LISTENING|16|92af529b-8d11-4ab9-bbc6-85d8ad575ed3|Leisure and entertainment - sports|playing-sports|1|REX|2558813|PE7|2900673|Vocabulary|play a game, play sports, sneakers, racket, pool, court, winner, coach, game, score
09c62b99-f8d9-4af5-b967-a64ac6f1b3d3|EE-IND-B1-L17|Japan and America|GRAMMAR|17|92af529b-8d11-4ab9-bbc6-85d8ad575ed3|Adjectives - comparative|japan-and-america|0|REX|2564022|PE7||Grammar|usage: comparative adjective + than to compare things; add -er to one-syllable adjectives; double the consonant and add -er to one syllable adjectives with a short vowel sound, etc....
879db4a7-06d5-4b40-8863-2a0abf871842|EE-IND-B1-L18|Sightseeing spots|LISTENING|18|92af529b-8d11-4ab9-bbc6-85d8ad575ed3|Travel - vacations|sightseeing-spots|1|REX|2558997|PE7|2900803|Vocabulary|tour guide, museum, line, ticket, gift, map, postcard, film, flash, make sure
36f9fae5-524b-408d-8883-31820048b185|EE-IND-B1-L19|Talking about a trip|GRAMMAR|19|92af529b-8d11-4ab9-bbc6-85d8ad575ed3|Yes/No questions|talking-about-a-trip|0|REX|2564056|PE7||Grammar|Yes/No questions - be / do: Are you Mr. Gonzalez? (Yes, I am / No, I'm not); Do you like Chicago? (Yes, I do / No, I don't) etc…
2ea9b1bb-cb50-4058-ab1d-afacb883a4d7|EE-IND-B1-L20|Airport announcements|LISTENING|20|92af529b-8d11-4ab9-bbc6-85d8ad575ed3|Travel|airport-announcements|5|REX|2559068|PE7||Vocabulary|passenger, gate, departure, announcement, boarding pass, request, flight, refreshment, apologize, departure lounge
d57ff0d1-7aa4-46df-b3f5-9fcf650498d9|EE-IND-B1-L21|Welcoming guests at the airport|GRAMMAR|21|92af529b-8d11-4ab9-bbc6-85d8ad575ed3|Questions - Yes/No|welcoming-guests-at-the-airport|0|REX|2564048|PE7||Grammar|form: Are you from…? Yes, I am / No, I'm not; Do you live in…? Yes, I do / No, I don't; Have you ever…? Yes, I have / No, I haven't; etc.…
a8b482a1-d020-4e91-8d48-74763ea7cca0|EE-IND-B1-L22|Air travel overseas|READING|22|92af529b-8d11-4ab9-bbc6-85d8ad575ed3|Business - travel|air-travel-overseas|1|REX|2562142|PE7||Vocabulary|passport control, visa, check-in desk, jet lag, customs, delay, land, flight, luggage, on board
2e63d937-5ce0-4c9f-9d01-3ea06882726d|EE-IND-B1-L23|General knowledge|GRAMMAR|23|92af529b-8d11-4ab9-bbc6-85d8ad575ed3|Wh-questions|general-knowledge|0|REX|2564040|PE7||Grammar|Which…?, How long…?, How often…?, How far…?, How much/many…?, When/What time…?, Whose…?; Usage: Which to ask about choice, etc.…
d506e424-2558-441a-b935-25285823429c|EE-IND-B1-L24|College education|LISTENING|24|92af529b-8d11-4ab9-bbc6-85d8ad575ed3|Society - education|college-education|1|REX|2559655|PE7||Vocabulary|graduate, college, drop out, lecture, major, graduate student, seminar, scholarship, degree
0c0162c8-8faa-4bb6-9900-9ff3684539fa|EE-IND-B1-L25|Preparing for a party|GRAMMAR|25|92af529b-8d11-4ab9-bbc6-85d8ad575ed3|Noun phrases - quantity|preparing-for-a-party|0|REX|2564170|PE7||Grammar|much, many, a little, a few, a lot of / lots of - usage: much for uncountable nouns in negative sentences and questions; etc...
3fd850fe-b243-4925-977b-77a609876490|EE-IND-B1-L26|Cooking|LISTENING|26|92af529b-8d11-4ab9-bbc6-85d8ad575ed3|Everyday life - food|cooking|1|REX|2559973|PE7|2901378|Vocabulary|peel, slice, boil, heat, roast, beat, add, fry
03498092-c1c5-4526-88fd-4d400c3a7dd5|EE-IND-B1-L27|Planning a wedding|GRAMMAR|27|92af529b-8d11-4ab9-bbc6-85d8ad575ed3|Future|planning-a-wedding|0|REX|2563852|PE7||Grammar|going to (future) - usage: use to talk about future intentions or plans already decided - form: am/is/are going to + infinitive; etc.…
f0917fda-412b-4819-9197-819e5b89dbd5|EE-IND-B1-L28|Homes|READING|28|92af529b-8d11-4ab9-bbc6-85d8ad575ed3|Everyday life - housing|homes|1|REX|2561403|PE7|2905260|Vocabulary|air conditioning, front/back door, upstairs, downstairs, living room, garage, yard, furniture
62b90e22-2f34-4911-8c46-15760d746c92|EE-IND-B1-L29|Responsibilities at work|GRAMMAR|29|92af529b-8d11-4ab9-bbc6-85d8ad575ed3|Auxiliary verb|responsibilities-at-work|0|REX|2563618|PE7||Grammar|Have to/don't have to - form: use have to + infinitive to say that something is necessary; don't/doesn't have to + infinitive to say something is not necessary; Do/does + subject + have to + infinitive for questions
36b65666-4af2-4e6a-b454-87b01b7dc264|EE-IND-B1-L30|Describing minor illnesses|LISTENING|30|92af529b-8d11-4ab9-bbc6-85d8ad575ed3|Everyday life - health|describing-minor-illnesses|1|REX|2560019|PE7||Vocabulary|catch a cold, sore throat, what's the matter?, cough, sneeze, my back aches, feel dizzy, take some medicine, fever, have a pain in the leg
086ff1f0-bfac-4466-b990-0ccf0ce6f717|EE-IND-B1-L31|Advice for a sick friend|GRAMMAR|31|92af529b-8d11-4ab9-bbc6-85d8ad575ed3|Auxiliary verbs  |advice-for-a-sick-friend|0|REX|2563602|PE7||Grammar|should/shouldn't: when it is or when it isn't a good idea to do something; affirmative: should + infin. without to; negative should + not + infin. without to; questions: should: subject +infin. without to
ad4f9fc5-bdad-474e-81a2-2bb661b96005|EE-IND-B1-L32|Making friends|LISTENING|32|92af529b-8d11-4ab9-bbc6-85d8ad575ed3|People and relationships - family and friends|making-friends|1|REX|2559529|PE7|2924722|Vocabulary|networking, social butterfly, chit-chat, down-to-earth, easy going, background, be into (something), hang out
2f47cc1b-cab5-4e42-8a7c-7e616723dd16|EE-IND-B1-L33|A résumé|GRAMMAR|33|92af529b-8d11-4ab9-bbc6-85d8ad575ed3|Adjectives and adverbs -since, for, from-to|a-rsum|0|REX|2563938|PE7||Grammar|since: when something started (and continues now; for: how long something happens; ago: how long before now something happened;  from…to: how long something happens; until etc.
8f2f5de4-018b-4c5e-b9f4-dc2623c464fb|EE-IND-B1-L34|How you feel is important|READING|34|92af529b-8d11-4ab9-bbc6-85d8ad575ed3|People and relationships - feelings|how-you-feel-is-important|0|REX|2561470|PE7||Vocabulary|surprised, excited, upset, worried, relaxed, bored, lonely, frightened
03340239-8e96-4970-b47c-9715db6e59e3|EE-IND-B1-L35|Two places with similarities|GRAMMAR|35|92af529b-8d11-4ab9-bbc6-85d8ad575ed3|Adjectives - comparative|two-places-with-similarities|0|REX|2564014|PE7||Grammar|usage: use as… as to compare two things that are the same; form: noun + is/are + as + adjective + as + noun; etc.….
d8a80c4a-b38e-4214-982a-6c5f32ffbd61|EE-IND-B1-L36|Things we are not happy with|GRAMMAR|36|92af529b-8d11-4ab9-bbc6-85d8ad575ed3|Adverbs - too / not enough|things-we-are-not-happy-with|0|REX|2563928|PE7||Grammar|usage: use too + adjective to should there is a problem; use not + adjective + enough if you are not satisfied with something
0a2ecf3c-6c2c-46b4-86e7-087d15c3e5fa|EE-IND-B1-L37|Online shopping|LISTENING|37|92af529b-8d11-4ab9-bbc6-85d8ad575ed3|Business - E-commerce|online-shopping|1|REX|2560475|PE7||Vocabulary|log on, shopping site, password, checkout, cursor, register, user name, search engine, home delivery, secure
17fffcc0-41a2-4c6a-b08f-13c02cf21a3c|EE-IND-B1-L38|Work experience|GRAMMAR|38|92af529b-8d11-4ab9-bbc6-85d8ad575ed3|Past - used to|work-experience|0|REX|2563706|PE7||Grammar|usage: use used to to talk about things that regularly happened in the past, but doesn't happen now, or for past situations that are not true now - form: used to + infinitive; didn't + use to + infinitive; etc...
a6ef53ca-c985-4922-bebb-f38fac4d0e83|EE-IND-B1-L39|New colleagues|GRAMMAR|39|92af529b-8d11-4ab9-bbc6-85d8ad575ed3|Linking words - relative clauses (defining)|new-colleagues|0|REX|2564186|PE7||Grammar|who/that; which/that; where - usage: use who/that to join ideas about a person; use which/that to join two ideas about a think (US - that more common); use where to join two idea about a place
4e526043-5457-49cc-b186-911783924afb|EE-IND-B1-L40|Renting an apartment|LISTENING|40|92af529b-8d11-4ab9-bbc6-85d8ad575ed3|Everyday life - housing|renting-an-apartment|1|REX|2560245|PE7|2904335|Vocabulary|rent, the twentieth floor, unfurnished, air-conditioned, balcony, landlord, deposit, non-smoker, elevator, stairs
a03fa185-8d32-4b79-8f4d-31e10dfe2820|EE-IND-B1-L41|An unusual Olympic athlete|GRAMMAR|41|92af529b-8d11-4ab9-bbc6-85d8ad575ed3|Past perfect|an-unusual-olympic-athlete|0|REX|2563738|PE7||Grammar|part perfect; past participles: 'verb + ed'; affirmative 'had + past participle' / negative 'hadn't + past participle; questions 'had + subject + past participle'
d285fde3-ea9e-4038-b10b-164bb6afcfa4|EE-IND-B1-L42|Executive meetings|GRAMMAR|42|92af529b-8d11-4ab9-bbc6-85d8ad575ed3|Suffixes - word formation|executive-meetings|0|REX|2563570|PE7||Grammar|making nouns from verbs and adjective; add -ment, -ation, -ion, -ing to some verbs to make nouns; add -ness, -ity to some adjectives to make nouns
97af8d98-a7c3-4f8a-b26e-4cc3d247e5bb|EE-IND-B1-L43|Making appointments|LISTENING|43|92af529b-8d11-4ab9-bbc6-85d8ad575ed3|Business - everyday work|making-appointments|2|REX|2560795|PE7||Vocabulary|I'd like to make an appointment with…; May I ask what it is regarding?; We're looking at the week of… / We could do it on the…; See you on the 20th at 10 o'clock
a1eb8dd0-f586-4fa1-8427-35a90300aa72|EE-IND-B1-L44|Living and working in Shanghai|GRAMMAR|44|92af529b-8d11-4ab9-bbc6-85d8ad575ed3|Noun phrases - articles|living-and-working-in-shanghai|0|REX|2564162|PE7||Grammar|Usage - seven rules: #1 use a/an for single things; #2 use an before words beginning with (or sounding like) a, e, i, o, u; #3 use a/an the first time you talk about something (use the subsequently), etc... 
0e5bf797-8c93-4dee-83fb-465631850a47|EE-IND-B1-L45|Bad credit|GRAMMAR|45|92af529b-8d11-4ab9-bbc6-85d8ad575ed3|Present perfect continuous: for/since |bad-credit|0|REX|2563754|PE7||Grammar|present perfect simple vs. present perfect continuous; since and for; present perfect continuous; present perfect simple vs. past simple
8ecfa42f-e665-44ab-896d-994fe9d16925|EE-IND-B1-L46|Being a good project manager|LISTENING|46|92af529b-8d11-4ab9-bbc6-85d8ad575ed3|Business - management|being-a-good-project-manager|1|REX|2560316|PE7|2924892|Vocabulary|sense, understanding, flexibility, communication skills, planning meeting, share an idea, present, democratic
f49a5442-b760-48e8-904e-f91e01a1bcaf|EE-IND-B1-L47|Upset plans|GRAMMAR|47|92af529b-8d11-4ab9-bbc6-85d8ad575ed3|Adverbs - already, just, yet, still|upset-plans|0|REX|2563970|PE7||Grammar|usage: already - use already to talk about something that happens before now or earlier than expected; usage: put already after the verb to be; etc...
b0ccf525-6096-4fa0-a526-e13cf72eaf7b|EE-IND-B1-L48|Traffic rules|GRAMMAR|48|92af529b-8d11-4ab9-bbc6-85d8ad575ed3|Auxiliary verbs - have to, must, can, can't, mustn't|traffic-rules|0|REX|2563594|PE7||Grammar|usage: use have to / must when it is necessary to do something, or the rules say 'do that!' - form: have to + infinitive without to;  use can when it's okay to doe something - form: can + infinitive without to; etc...
f4c276cd-047a-40d9-8bd4-d090c370cd78|EE-IND-B2-L1|Airport facilities|LISTENING|1|2f715333-b852-4914-9187-92ee9bc395fd|Travel|airport-facilities|1|REX|2559118|PE7||Vocabulary|check-in desk, excess baggage, security check, duty-free store, departure monitor, passport control, departure gate, board a flight
49b5215e-8ae0-4c02-8d4f-75d03e514763|EE-IND-B2-L2|Booking an ecotour|LISTENING|2|2f715333-b852-4914-9187-92ee9bc395fd|Travel - reservations|booking-an-ecotour|1|REX|2559400|PE7||Vocabulary|I'm interested in booking a… / I'd like to book a…; can you tell me about..? / What are the … like?; What kinds of activities does the tour have?
8191a707-8019-4a88-a23b-64b75f946a40|EE-IND-B2-L3|Foreign lifestyles|GRAMMAR|3|2f715333-b852-4914-9187-92ee9bc395fd|Adverbs - frequency|foreign-lifestyles|0|REX|2563890|PE7||Grammar|usually, generally, rarely, hardly ever; usage: frequency adverbs go before the verb, but after be: is/am/are/was/were; Time expressions at the start or end of sentences
b393cf3b-29bd-4d89-867b-4b8c725c1d64|EE-IND-B2-L4|Clothing and fashion|LISTENING|4|2f715333-b852-4914-9187-92ee9bc395fd|Everyday life - clothing|clothing-and-fashion|1|REX|2559994|PE7|2904085|Vocabulary|overcoat, suit, necktie, pocket, sleeve, top, pants, pantyhose, earring, necklace
776dbc84-ddb7-4a5c-8e7a-de77c515fbc3|EE-IND-B2-L5|Describing co-workers|LISTENING|5|2f715333-b852-4914-9187-92ee9bc395fd|Business - character|describing-coworkers|1|REX|2559437|PE7||Vocabulary|successful, cheerful, ambitious, smart, sensitive, respected, calm, confident, friendly, afraid
c1989bba-9cd0-4319-a3e5-ce9433ccdf42|EE-IND-B2-L6|Answering the phone|READING|6|2f715333-b852-4914-9187-92ee9bc395fd|Business - telephone|answering-the-phone|1|REX|2561290|PE7||Vocabulary|the wrong number, speak to someone, call someone back, the line's busy, leave a message, voicemail, be out, take a message
79f90024-6a8a-4dbc-a89e-778fdfff5080|EE-IND-B2-L7|Family trees|LISTENING|7|2f715333-b852-4914-9187-92ee9bc395fd|People and relationships|family-trees|1|REX|2559483|PE7|2901053|Vocabulary|husband, wife, son, daughter, cousin, uncle, aunt, father-in-law, grandfather, parents
070b6efd-2a79-4871-bfc0-71815d430dc4|EE-IND-B2-L8|Operating a TV set|LISTENING|8|2f715333-b852-4914-9187-92ee9bc395fd|Leisure and entertainment - television|operating-a-tv-set|1|REX|2558769|PE7|2900480|Vocabulary|plug it in, turn it on, ad, turn it down, remote control, record, documentary, change the channel, favorite program
50c0a3f1-1645-4a25-94ce-1c89e32434d9|EE-IND-B2-L9|Green products|GRAMMAR|9|2f715333-b852-4914-9187-92ee9bc395fd|Adverbs: comparative|green-products|0|REX|2563958|PE7||Grammar|usage: use adverbs after main verbs to give more information about the action; comparative adverbs are used when comparing two verbs; regular adverbs are adjective + -ly; irregular don't end in -ly
ec10b8bb-a8be-4cc7-ac12-37af608a680e|EE-IND-B2-L10|Shopping|LISTENING|10|2f715333-b852-4914-9187-92ee9bc395fd|Everyday life - shopping|shopping|1|REX|2560178|PE7||Vocabulary|advertise, go window shopping, try something on, vending machine, sale, bargain, department store, assistant, take something back, receipt
b1c6448f-11fd-426c-8c6a-8c80e61fb5ef|EE-IND-B2-L11|City and countryside|READING|11|2f715333-b852-4914-9187-92ee9bc395fd|Society - town and country|city-and-countryside|1|REX|2563282|PE7||Vocabulary|woods, village, shopping mall, housing development, suburb, business district, neighborhood, field
26ec76cd-eb24-43ca-82bb-28e07a9495f0|EE-IND-B2-L12|Weather in New York|LISTENING|12|2f715333-b852-4914-9187-92ee9bc395fd|Nature and the environment - weather|weather-in-new-york|1|REX|2558518|PE7|2896221|Vocabulary|snow, warm, rain, cloudy, windy, foggy, cold, sunny
1e2623c5-68c7-4874-abae-1a71d22b288c|EE-IND-B2-L13|Answering questions in a presentation|LISTENING|13|2f715333-b852-4914-9187-92ee9bc395fd|Business - meetings|answering-questions-in-a-presentation|1|REX|2560634|PE7|2926437|Vocabulary|distraction, probing, postpone, body language, summarize, confirm, context, listening cues
617fcdf7-070c-4a00-a076-ed39381a6aa5|EE-IND-B2-L14|Space exploration|GRAMMAR|14|2f715333-b852-4914-9187-92ee9bc395fd|Future - simple |space-exploration|0|REX|2563876|PE7||Grammar|probability, prediction - usage: future simple to make predicitions about the future; probably + future simple when you are not 100% sure of your prediction; will + base form of the verb in the affirmative, etc…
ce5a4c49-55c7-4e1d-ad7f-6dad2d97cba2|EE-IND-B2-L15|Changing arrangements|LISTENING|15|2f715333-b852-4914-9187-92ee9bc395fd|People and relationships|changing-arrangements|3|REX|2559575|PE7||Vocabulary|call off / cancel, put off / postpone, double book, unforeseen, last minute, reschedule
8b5006de-e96b-47fa-bec0-488b04e7de07|EE-IND-B2-L16|Making speeches|LISTENING|16|2f715333-b852-4914-9187-92ee9bc395fd|Business - meetings|making-speeches|2|REX|2560592|PE7||Vocabulary|tell a story, suggest, claim, introduce, welcome, believe, discuss, explain
bdd3d13c-82d6-46ee-97ed-80f93247ba53|EE-IND-B2-L17|Famous buildings in London|GRAMMAR|17|2f715333-b852-4914-9187-92ee9bc395fd|Passive - past simple|famous-buildings-in-london|0|REX|2563666|PE7||Grammar|usage: when what happened is more important that who did it; was/were/wasn't/weren't + past participle (+ by); question: Was/were + subject + past participle (+ by)
17b12510-1ab9-4f4f-bfcd-766547a2f570|EE-IND-B2-L18|Natural disasters and consequences|LISTENING|18|2f715333-b852-4914-9187-92ee9bc395fd|Nature and the environment - landscape|natural-disasters-and-consequences|5|REX|2557627|PE7||Vocabulary|drought, famine, forest fire, flood, hurricane, earthquake, volcanic eruption
a9d1271f-74b3-426e-bc96-1c27466fc26f|EE-IND-B2-L19|Sales activities|LISTENING|19|2f715333-b852-4914-9187-92ee9bc395fd|Business - sales and marketing|sales-activities|1|REX|2560337|PE7||Vocabulary|calculate sales figures, make a presentation, meet a client, make a call, send out a brochure, sales target, sales team, salesman/woman
00636427-06cc-447b-b8b7-4c59aca383ec|EE-IND-B2-L20|Business plans|GRAMMAR|20|2f715333-b852-4914-9187-92ee9bc395fd|Grammar: Passive - future|business-plans|0|REX|2563682|PE7||Grammar|will be…; affirmative: will + be + past participle (+ by); negative: will not / won't + be + past participle (+ by); questions: will + subject + be + past participle (+ by)
b152bd58-e286-481c-bb43-229d075b600c|EE-IND-B2-L21|Social networking and your business|LISTENING|21|2f715333-b852-4914-9187-92ee9bc395fd|Business - the Web|social-networking-and-your-business|1|REX|2560960|PE7|2926667|Vocabulary|acquaintance, associate, benefit, contact, join, mutual, network, referral
bd6cf034-5866-4647-a7a6-fe65aa510422|EE-IND-B2-L22|A new start|GRAMMAR|22|2f715333-b852-4914-9187-92ee9bc395fd|Other verbs and tenses|a-new-start|1|REX|2563786|PE7||Grammar|used to do / be used to doing / get used to doing; affirmative: used to + infinitive; negative: did/didn't + use to + infinitive; questions: question + did + subject+ use to + infinitive; usage notes
1e842e0f-2563-44ac-897e-2e5708f8fb94|EE-IND-B2-L23|Transforming the land|LISTENING|23|2f715333-b852-4914-9187-92ee9bc395fd|Nature and the environment - landscape|transforming-the-land|1|REX|2558076|PE7|2925602|Vocabulary|amenities, bring together, feature, landscaped, open spaces, recreation, regeneration, transform
c97ddf39-52f7-43e6-9201-8a5427526133|EE-IND-B2-L24|Describing people and places|GRAMMAR|24|2f715333-b852-4914-9187-92ee9bc395fd|Adverbs - so, such, very|describing-people-and-places|0|REX|2563946|PE7||Grammar|usage: so to emphasize adjectives that do not proceed nouns; such to emphasize adjectives that proceed nouns; very to emphasize adjectives or adjectives + noun
cc8e744c-258f-497e-ae92-54d9b7cd74f7|EE-IND-B2-L25|Travel problems|LISTENING|25|2f715333-b852-4914-9187-92ee9bc395fd|Business - commuting|travel-problems|1|REX|2560379|PE7||Vocabulary|traffic, accident, bit delayed, get caught up in, trip, oversleep, traffic jam, crowded, be cancelled
32d396c8-8436-4018-bdbf-69229338ecd3|EE-IND-B2-L26|Political debates|GRAMMAR|26|2f715333-b852-4914-9187-92ee9bc395fd|Reported speech|political-debates|0|REX|2563802|PE7||Grammar|usage: change the present simple to the past simple - use the past form for modals (could instead of can for e.g.) etc.…
4c8d3a64-c8d9-4655-8706-5f1efdad7073|EE-IND-B2-L27|Video and teleconferencing|LISTENING|27|2f715333-b852-4914-9187-92ee9bc395fd|Business - globalization|video-and-teleconferencing|1|REX|2560722|PE7|2926557|Vocabulary|transmission, broadband connection, eye contact, face-to-face, glitch, network, remote, be linked
234e1436-c8c0-4039-98d0-ca694248c411|EE-IND-B2-L28|A Japanese writer living in the U.K.|GRAMMAR|28|2f715333-b852-4914-9187-92ee9bc395fd|Linking words|a-japanese-writer-living-in-the-uk|0|REX|2564228|PE7||Grammar|relative clauses: which, who, where, or that; type 1 - defining; type 2 - non defining
99e521fd-66f0-44d2-a0e0-a844fb929d86|EE-IND-B2-L29|Working in an office|LISTENING|29|2f715333-b852-4914-9187-92ee9bc395fd|Business - offices|working-in-an-office|1|REX|2560425|PE7|2904510|Vocabulary|send an invoice, arrange a meeting, file a report, do paperwork, notepad, paperclip, hole punch, tray, wastebasket, write a report
2e8ca6c7-6a5c-4fca-863b-6824f4481f23|EE-IND-B2-L30|Working overseas|GRAMMAR|30|2f715333-b852-4914-9187-92ee9bc395fd|Passive - verb forms|working-overseas|0|REX|2563690|PE7||Grammar|Usage: Rule 1 - use passive verb forms to emphasize what happens, rather than who or what makes it happen; Rule 2 - use passive forms when you want to put emphasis on a person or thing; etc.…
846feaba-8945-402a-ac29-25a1bc0ee5e9|EE-IND-B2-L31|A bad experience at a restaurant|GRAMMAR|31|2f715333-b852-4914-9187-92ee9bc395fd|Reported speech |a-bad-experience-at-a-restaurant|1|REX|2563794|PE7||Grammar|tell, ask, invite, advise, suggest, deny, recommend, promise, offer, and refuse; form: verb + object + infinitive with to; verb + ‐ing; verb + infinitive with to
d7586eea-8ed2-4756-b23b-6c78277cf682|EE-IND-B2-L32|Asking questions politely|GRAMMAR|32|2f715333-b852-4914-9187-92ee9bc395fd|Questions - indirect|asking-questions-politely|0|REX|2564064|PE7||Grammar|I'd like to know…; could you tell me if/whether..? Wh questions 'question word + verb + subject'; Yes/no questions 'aux. verb + subject + infinitive without to'
857e9239-b4f1-4638-a99f-86eb73a4fc82|EE-IND-B2-L33|Agreeing and disagreeing in meetings|LISTENING|33|2f715333-b852-4914-9187-92ee9bc395fd|Business - everyday work|agreeing-and-disagreeing-in-meetings|1|REX|2560939|PE7|2926612|Vocabulary|stand up to; acknowledge, defend, debate, have a point, outrageous, support, reiterate
9b3868bf-7ae2-444a-8927-e3958ef814e1|EE-IND-B2-L34|Telling a story|GRAMMAR|34|2f715333-b852-4914-9187-92ee9bc395fd|Past - narrative tenses|telling-a-story|0|REX|2563746|PE7||Grammar|past simple / past continous / past perfect / past perfect continous - usage: past simple to talk about completed actions in the past; etc…
afe0b7ad-050b-4bae-83a1-b4b2d0974162|EE-IND-B2-L35|Candidates for a job|GRAMMAR|35|2f715333-b852-4914-9187-92ee9bc395fd|Noun phrases|candidates-for-a-job|0|REX|2564154|PE7||Grammar|both… and…; both of…; they are both…; usage; neither… nor…; neither of…; describing differences: …can, but, …can't…;  …doesn't have…, but… does have…
a4442cf3-464d-4bc1-b673-0d0526e41317|EE-IND-B2-L36|Airport security|GRAMMAR|36|2f715333-b852-4914-9187-92ee9bc395fd|Linking words - cause/effect|airport-security|1|REX|2564244|PE7||Grammar|conjunctive adverbs: therefore, consequently, as a result; prepositions + noun phrases: because of, due to, as a result of; due to the fact that…
f09792ec-7b00-4250-9b70-967d1bcd8c51|EE-IND-B2-L37|Local politics|LISTENING|37|2f715333-b852-4914-9187-92ee9bc395fd|Society - politics|local-politics|1|REX|2559814|PE7|2926162|Vocabulary|serve your community, pressure group, stand up for, survey, represent, city council, grassroots, accountable
d1f1fca7-7f86-47a0-9b0a-68fa92259d35|EE-IND-B2-L38|Choosing someone for a job|GRAMMAR|38|2f715333-b852-4914-9187-92ee9bc395fd|Linking words|choosing-someone-for-a-job|0|REX|2564212|PE7||Grammar|although, despite, in spite of, even though, however; usage: use to join contrasting ideas or to show that something is surprising or unexpected
7e0f1e23-cdc6-4502-b87f-7472569e5e37|EE-IND-B2-L39|The rules of happiness|GRAMMAR|39|2f715333-b852-4914-9187-92ee9bc395fd|Verb patterns|the-rules-of-happiness|1|REX|2563778|PE7||Grammar|usage: when one verb is followed by another, you need to know what form the latter takes - form: verb + infinitive with to (decide, hope, plan, agree, seem, manage, arrange); etc…
7aa16242-eb7f-4709-94b9-4ffc08a0f21d|EE-IND-B2-L40|Past mistakes|GRAMMAR|40|2f715333-b852-4914-9187-92ee9bc395fd|Auxiliary verbs - modal perfects|past-mistakes|0|REX|2563634|PE7||Grammar|should have done: expressing a judgement - usage: use should have done to make a judgement about a past mistake; expressing an opinion, 
7420a286-211e-4549-9104-6e93243d00af|EE-IND-B2-L41|Saving for the future|LISTENING|41|2f715333-b852-4914-9187-92ee9bc395fd|Everyday life - money|saving-for-the-future|1|REX|2560115|PE7|2926327|Vocabulary|fall short, financial commitments, lump sum, pay out, pension contributions, put aside, support yourself, wise
a873bef4-cd36-44e2-b381-8f292b4b74dc|EE-IND-B2-L42|A big promotion!|GRAMMAR|42|2f715333-b852-4914-9187-92ee9bc395fd|Second conditional|a-big-promotion|0|REX|2563828|PE7||Grammar|form: If + past simple + would, could / wouldn't, couldn't…. without to;  If + I, he, she and it + were, was …
5a45e54f-1116-4118-b3d2-3086b8ddb64e|EE-IND-B2-L43|Report on completion of a project|GRAMMAR|43|2f715333-b852-4914-9187-92ee9bc395fd|Future - perfect simple|report-on-completion-of-a-project|1|REX|2563868|PE7||Grammar|usage: to refer to actions or events that will completed before a particular time in the future; form - subject + will have + part participle; etc.…
7123e43b-39cc-42df-aff8-79e72dd32c84|EE-IND-B2-L44|Reporting on progress|GRAMMAR|44|2f715333-b852-4914-9187-92ee9bc395fd|Linking words - conjunctions|reporting-on-progress|0|REX|2564236|PE7||Grammar|as long as / so long as / provided (that) - usage: in conditional sentences to mean if (they have a stronger nuance than if)
32ce3102-2cd6-48c0-816d-a47c628c7cf4|EE-IND-B2-L45|Talking about a movie|LISTENING|45|2f715333-b852-4914-9187-92ee9bc395fd|Leisure and entertainment - movies|talking-about-a-movie|1|REX|2558748|PE7|2925767|Vocabulary|predictable, twist, lost interest, hilarious, plot, gripping, mediocre, flop
133e1792-c10c-4afd-89b7-4aced68dec13|EE-IND-B2-L46|Getting in touch|GRAMMAR|46|2f715333-b852-4914-9187-92ee9bc395fd|Conditionals - third, second, first |getting-in-touch|0|REX|2563844|PE7||Grammar|Form: third: if + past perfect, would/wouldn't have + past participle; second: if + past simple would/wouldn't have + infinitive without to; first: etc.…
bd1fe09e-130b-4f35-9fc0-6c918f47784b|EE-IND-B2-L47|Someone is missing|GRAMMAR|47|2f715333-b852-4914-9187-92ee9bc395fd|Auxiliary verb - deduction (past)|someone-is-missing|0|REX|2563626|PE7||Grammar|must have, can't have, may have - usage: must have + past participle when you are almost sure something happened or is true; can't have + past participle for something that did not happen or is untrue; etc…
97d5afb8-6379-4f18-9e27-b9199117e3aa|EE-IND-B2-L48|Wishing things were different|GRAMMAR|48|2f715333-b852-4914-9187-92ee9bc395fd|Conditionals - wish|wishing-things-were-different|0|REX|2563836|PE7||Grammar|usage: use wish to day that you would like things to be different from how they are - form: wish + past simple; wish + would + infinitive without to; wish + past perfect; etc...
a60e382d-a27b-4bfb-a78a-ce2489cbd786|EE-PRO-C1-L1|Complaining|READING|1|d6d2c547-f2fd-49fe-8112-cdac56fed4ee|Everyday life - customer service|complaining|1|REX|2561198|PE7||Vocabulary|address a problem, substandard, backlog, result in, resolve, entitle, faulty, prioritize
f9b987f7-1802-4b24-a420-e13704a43c6a|EE-PRO-C1-L2|Breaking up|LISTENING|2|d6d2c547-f2fd-49fe-8112-cdac56fed4ee|People and relationships|breaking-up|1|REX|2559462|PE7||Vocabulary|break up with, get along with, have an affair, get over, incompatible, grow apart, separate, heartbroken
44a6a2a8-f206-4aac-85ce-c0f67b648e47|EE-PRO-C1-L3|New technologies|READING|3|d6d2c547-f2fd-49fe-8112-cdac56fed4ee|Travel - transportation|new-technologies|1|REX|2562699|PE7||Vocabulary|unstaffed, automated, infrastructure, detect, enable, innovative, limitation, capability
6085781a-324b-4f3f-a79a-32f280b3c699|EE-PRO-C1-L4|Complaining about a service|LISTENING|4|d6d2c547-f2fd-49fe-8112-cdac56fed4ee|People and relationships - complaining|complaining-about-a-service|1|REX|2559592|PE7||Vocabulary|keep cool, handle, resolution, assertive, stand your ground, take action, last resort, treat
ad8a4cac-95c9-465e-8d8c-b9df3bda6ebc|EE-PRO-C1-L5|Developing business relationships|READING|5|d6d2c547-f2fd-49fe-8112-cdac56fed4ee|Business - soft skills|developing-business-relationships|1|REX|2562406|PE7||Vocabulary|officer, perspective, mentor, trainee, entrepreneur, associate with, objective, advisable
1a09c354-01e8-4087-afb3-b13f73a029bd|EE-PRO-C1-L6|Global Positioning Systems (GPS)|LISTENING|6|d6d2c547-f2fd-49fe-8112-cdac56fed4ee|Travel - directions|global-positioning-systems-gps|1|REX|2558951|PE7||Vocabulary|navigate, end up in, dead end, know the way, go around in circles, take a shortcut, turn around and go back, turn the wrong way
c4580e1d-5d37-4455-9744-b088c83c6e92|EE-PRO-C1-L7|Evaluating colleagues|READING|7|d6d2c547-f2fd-49fe-8112-cdac56fed4ee|Business - soft skills|evaluating-colleagues|1|REX|2562469|PE7||Vocabulary|feedback, soft skills, on probation, performance management, hard skills, motivation, workload, assessing goals, cross-trained, review
2ef25a44-d25b-4743-8170-b0b45d34a675|EE-PRO-C1-L8|Health problems|LISTENING|8|d6d2c547-f2fd-49fe-8112-cdac56fed4ee|Everyday life - health|health-problems|3|REX|2560069|PE7||Vocabulary|break out in, prescription, medication, susceptible, symptoms, suffer (from), allergic to, be hospitalized
b488f85c-97d9-4a16-b624-6adecbf6fe96|EE-PRO-C1-L9|Friendship|READING|9|d6d2c547-f2fd-49fe-8112-cdac56fed4ee|People and relationships|friendship|1|REX|2561675|PE7||Vocabulary|trust, intimacy, loyalty, empathy, turn to, bond, nonjudgmental, go out of your way
3c582039-6ba3-4848-8443-b0acdfb218b0|EE-PRO-C1-L10|Living with the neighbors|LISTENING|10|d6d2c547-f2fd-49fe-8112-cdac56fed4ee|People and relationships - neighbors|living-with-the-neighbors|3|REX|2559416|PE7||Vocabulary|dispute, resolve, settle, on good terms, mediation, harassment, socially unacceptable, compromise
6136ac38-55a5-4d24-ab7e-b0ea2e4b24ff|EE-PRO-C1-L11|Healthy changes|READING|11|d6d2c547-f2fd-49fe-8112-cdac56fed4ee|Everyday life - health|healthy-changes|1|REX|2561357|PE7||Vocabulary|resolution, vague, specific, feasible, target, permanent, commitment, setback
618ad810-f7a6-46b3-bb12-ee4acf82335b|EE-PRO-C1-L12|Influencing and persuading others|READING|12|d6d2c547-f2fd-49fe-8112-cdac56fed4ee|Business - soft skills|influencing-and-persuading-others|1|REX|2562318|PE7||Vocabulary|avoid, principle, influence, suggestion, reputation, persuasive, convince, emphasize
a7481888-8674-4527-8b13-89026fc5da61|EE-PRO-C1-L13|Memorable flights|LISTENING|13|d6d2c547-f2fd-49fe-8112-cdac56fed4ee|Travel - traveling|memorable-flights|1|REX|2558884|PE7||Vocabulary|bump, carrier pidgeon, confined, discomfort, divert, gunfire, propel, weightless
9c196ff7-e8ef-4574-a799-14c976386848|EE-PRO-C1-L14|Managing diversity in the workplace|READING|14|d6d2c547-f2fd-49fe-8112-cdac56fed4ee|Business - soft skills|managing-diversity-in-the-workplace|1|REX|2562448|PE7||Vocabulary|adaptable, diversity, heterogeneous, homogeneous, hone, foster, resemble, token
51db01a3-e58d-4e6d-bb12-d9dacd263af1|EE-PRO-C1-L15|People and their free time|READING|15|d6d2c547-f2fd-49fe-8112-cdac56fed4ee|Leisure and entertainment - leisure|people-and-their-free-time|1|REX|2562867|PE7||Vocabulary|off-duty, contemplation, dabble in, feel lost, make the most of, mess around, concentration, boredom
a63cdf03-b9fe-4dd6-ace9-3be961291b64|EE-PRO-C1-L16|The extended family|LISTENING|16|d6d2c547-f2fd-49fe-8112-cdac56fed4ee|People and relationships - family and friends|the-extended-family|1|REX|2559508|PE7||Vocabulary|nuclear family, extended family, grow up in, close-knit, household; constraints, fit in, belonging
832fd93b-9d5b-4391-8742-b8c3a82cb620|EE-PRO-C1-L17|Sleep|READING|17|d6d2c547-f2fd-49fe-8112-cdac56fed4ee|Everyday life - health|sleep|1|REX|2561332|PE7||Vocabulary|typical, estimate, deprive, optimal, consistently, lack, essential, continuous, cumulative, moderate
40ece5fd-4b9b-4389-8e20-9e793e112f39|EE-PRO-C1-L18|Strong feelings|READING|18|d6d2c547-f2fd-49fe-8112-cdac56fed4ee|Society - experiences|strong-feelings|1|REX|2563261|PE7||Vocabulary|crisis, disorder, high, low, panic, phenomenon; thrill, hysterical
57f60a77-7f1b-4f07-a97d-bb47fe11524a|EE-PRO-C1-L19|When it all goes wrong|LISTENING|19|d6d2c547-f2fd-49fe-8112-cdac56fed4ee|Travel - transportation|when-it-all-goes-wrong|1|REX|2559139|PE7||Vocabulary|blowout, crash into, swerve, skid, collision, breakdown, abandon, pull over
e6c91ad8-74bc-4bc0-8dc8-ebe0d2bf2164|EE-PRO-C1-L20|Successful relationships|READING|20|d6d2c547-f2fd-49fe-8112-cdac56fed4ee|People and relationships - romance|successful-relationships|1|REX|2561558|PE7||Vocabulary|come across as, extended family, make an impact, marriage vows, mutual, non-verbal communication, stick together, first impression
967f6a06-1af8-4cf7-8c5c-918dc08d5676|EE-PRO-C1-L21|What can go wrong|READING|21|d6d2c547-f2fd-49fe-8112-cdac56fed4ee|Travel - traveling|what-can-go-wrong|2|REX|2562519|PE7||Vocabulary|vacation deal, get a connection, break down, passing traffic, hidden payment, be ripped off, scam, be stranded
d40294c9-47f4-40e9-97dc-f2a41a61fd39|EE-PRO-C1-L22|Work-life balance|LISTENING|22|d6d2c547-f2fd-49fe-8112-cdac56fed4ee|Leisure and entertainment - leisure|worklife-balance|1|REX|2558681|PE7||Vocabulary|priority, dilemma, burnout, crucial, juggle, maintain, affect, satisfying
69972dd7-6498-41a1-80e1-b2d7e00baa6a|EE-PRO-C1-L23|Wild animals for sale|READING|23|d6d2c547-f2fd-49fe-8112-cdac56fed4ee|Nature and the environment - animals|wild-animals-for-sale|1|REX|2560981|PE7||Vocabulary|lion, tiger, rhinoceros, elephant, giraffe, bear, snake, hippopotamus, zebra, crocodile
66938d26-8c47-4247-a92d-c3a4123a9cf4|EE-PRO-C1-L24|An unlucky day|GRAMMAR|24|d6d2c547-f2fd-49fe-8112-cdac56fed4ee|Word formation - compound nouns|an-unlucky-day|1|REX|2563562|PE7||Grammar|alarm clock; credit card; night time; sun glasses; traffic lights; traffic warden; traffic jam; dining room, living room, bed room
f3e6a566-768d-423d-822f-881fa42adcc5|EE-PRO-C1-L25|Celebrity and the press|LISTENING|25|d6d2c547-f2fd-49fe-8112-cdac56fed4ee|Society - the media|celebrity-and-the-press|1|REX|2559772|PE7||Vocabulary|press intrusion, scandal, sue, persecute, make up, exaggerate, target, sensationalize
0edf549f-89e2-44de-863d-98cd5da1ec65|EE-PRO-C1-L26|Complaints about work environment|GRAMMAR|26|d6d2c547-f2fd-49fe-8112-cdac56fed4ee|Noun phrases|complaints-about-work-environment|1|REX|2564120|PE7||Grammar|countable: a large number of, several; a lot of, too many, a few, not enough…; uncountable: a great deal of; a lot of, too much, a little; lots of…
b2acf605-c298-4025-a02a-c7f1346cf301|EE-PRO-C1-L27|Essential gadgets|LISTENING|27|d6d2c547-f2fd-49fe-8112-cdac56fed4ee|Everyday life - gadgets|essential-gadgets|1|REX|2560157|PE7||Vocabulary|accessory, device, do without, folding, lightweight, minuscule, overrated, state-of-the-art
786c7eec-6905-4ce2-a651-d1f0eb6a3d53|EE-PRO-C1-L28|Don't dismiss the research|GRAMMAR|28|d6d2c547-f2fd-49fe-8112-cdac56fed4ee|Grammar: Antecedent agreement|dont-dismiss-the-research|1|REX|2569355|PE7||Grammar|referencing: Pronouns - this/that; Position: in this way, Other referencing expressions: for this reason, this is because
773eb684-3378-4a62-8157-a9bc92d1fea3|EE-PRO-C1-L29|Gene technology|LISTENING|29|d6d2c547-f2fd-49fe-8112-cdac56fed4ee|Nature and the environment - science|gene-technology|1|REX|2558635|PE7||Vocabulary|cloning, eliminate, ethical, incurable, interfere with, modify, resistant, treat
8f9d1243-47b2-4424-a992-ab6d0ecefc50|EE-PRO-C1-L30|Gossip|GRAMMAR|30|d6d2c547-f2fd-49fe-8112-cdac56fed4ee|Word formation - suffixes|gossip|0|REX|2563578|PE7||Grammar|making adjectives from verbs and nouns: add -ous, -al, -y, -ful, or -less to some nouns to make adjectives; add -ive, -able to some verbs to make adjectives.
e1232659-081f-4cb6-96df-ee59342f090f|EE-PRO-C1-L31|Jobs and careers|LISTENING|31|d6d2c547-f2fd-49fe-8112-cdac56fed4ee|Business - jobs|jobs-and-careers|1|REX|2560550|PE7||Vocabulary|candidate, career, dress code, get on track, tackle, vocation, cooperate, face
843ccd84-23d8-43dd-b9a3-65d2e4678c69|EE-PRO-C1-L32|Inventions and innovations|GRAMMAR|32|d6d2c547-f2fd-49fe-8112-cdac56fed4ee|Phrasal verbs - three part|inventions-and-innovations|1|REX|2573478|PE7||Grammar|come out of, come up with, get around to, get rid of, keep up with, look down on, look out for, look up to - usage: three part phrasal verbs contain a verb and two particles, are transitive, and are inseparable 
d71fbc20-258a-475c-82bf-20bde20a7836|EE-PRO-C1-L33|Losing your job|LISTENING|33|d6d2c547-f2fd-49fe-8112-cdac56fed4ee|Everyday life - jobs|losing-your-job|1|REX|2560224|PE7||Vocabulary|adjust, demoralized, downsize, shake your confidence, lay off, out of work, re-evaluate, severance package
5a57b987-35d7-4461-9137-d678f24a1b05|EE-PRO-C1-L34|The haircut from hell|GRAMMAR|34|d6d2c547-f2fd-49fe-8112-cdac56fed4ee|Expressing regret (review)|the-haircut-from-hell|1|REX|2569013|PE7||Grammar|usage: use the verb regret to talk about things you feed sorry or unhappy about, but can't change; use if only or I wish to express regret about things you would like to change if you could; etc…
48d183a6-b04f-4221-8d05-51e5ee75e436|EE-PRO-C1-L35|Motivating people|LISTENING|35|d6d2c547-f2fd-49fe-8112-cdac56fed4ee|Business - jobs|motivating-people|1|REX|2560571|PE7||Vocabulary|appreciation, boost performance, encourage, engage, incentives, inspire, praise, set objectives
ef3ee0f8-a082-4306-8ff6-f420b954fd96|EE-PRO-C1-L36|The secret of success|GRAMMAR|36|d6d2c547-f2fd-49fe-8112-cdac56fed4ee|Modal verbs - in passive sentences|the-secret-of-success|1|REX|2571759|PE7||Grammar|usage: use the modal passive forms to talk about a present or past ability, obligation, possibility, etc., when you want to focus on the object of the sentence, rather than the subject; etc…
d567b282-de84-447b-a5ec-a47f843c4d50|EE-PRO-C1-L37|Politics and elections|LISTENING|37|d6d2c547-f2fd-49fe-8112-cdac56fed4ee|Society - politics|politics-and-elections|1|REX|2559793|PE7||Vocabulary|be in power, run for election, vote, hold and election, hold a press conference, break a promise, opposition, reelection
a3f758ec-c391-4cb4-aedb-f29b531d3914|EE-PRO-C1-L38|Challenges of globalization|READING|38|d6d2c547-f2fd-49fe-8112-cdac56fed4ee|Business - globalization|challenges-of-globalization|1|REX|2562167|PE7||Vocabulary|applaud, corruption, emerge, infectious, quarantine, substandard, traffic, uniformity
837c265e-1f19-4b50-8147-fc9c5d78dad5|EE-PRO-C1-L39|What might have been|GRAMMAR|39|d6d2c547-f2fd-49fe-8112-cdac56fed4ee|modal verbs - perfect|what-might-have-been|1|REX|2571427|PE7||Grammar|must have, couldn't have, could have, might have, should have, shouldn't have - usage: use perfect modals to speculate about the past - form: subject + modal + have + past participle; etc...
577a5f37-3582-4cfa-aabc-3d1b9cc79630|EE-PRO-C1-L40|Pollution and environmental problems|LISTENING|40|d6d2c547-f2fd-49fe-8112-cdac56fed4ee|Nature and the environment - ecology|pollution-and-environmental-problems|1|REX|2558589|PE7||Vocabulary|recycling dumpster, pollution, damage, cause, waste, reduce, chemical, smoke, natural, dump
9d76b252-b14e-427e-a8fe-526d403b14dc|EE-PRO-C1-L41|Words of advice|GRAMMAR|41|d6d2c547-f2fd-49fe-8112-cdac56fed4ee|Word formation - prefixes (did-, un-, re-, under-, mis-)|words-of-advice|1|REX|2563554|PE7||Grammar|usage: reverse or make the opposite of an action with dis-, us- at the beginning of the verb; add the meaning of again to an action with re- at the beginning of the verb; etc...
ba26244a-cee1-4b16-b1e5-b01b0f824c8d|EE-PRO-C1-L42|Success in business|LISTENING|42|d6d2c547-f2fd-49fe-8112-cdac56fed4ee|Everyday life - money|success-in-business|1|REX|2560090|PE7||Vocabulary|capital, spend, living expenses, cheap, value, lend, borrow, charge for, cash
9d6dfdb2-21b2-4d3b-80c5-08b11cafcb5c|EE-PRO-C1-L43|Floating a company|LISTENING|43|d6d2c547-f2fd-49fe-8112-cdac56fed4ee|Business - investing|floating-a-company|1|REX|2560655|PE7||Vocabulary|expand, issue, ownership, shareholder, flotation, dividend, merger, speculator
eee85776-fa4a-4369-9ed3-ff66bb6a84ac|EE-PRO-C1-L44|Being a responsible manager|LISTENING|44|d6d2c547-f2fd-49fe-8112-cdac56fed4ee|Business - management|being-a-responsible-manager|1|REX|2560295|PE7||Vocabulary|morale, workload, overcome, take on, deadline, handle, strict, tough
f28336aa-c7d2-4b97-ae64-7f4f6822640a|EE-PRO-C1-L45|I could have been rich|GRAMMAR|45|d6d2c547-f2fd-49fe-8112-cdac56fed4ee|Sentence structure with similar meanings|i-could-have-been-rich|1|REX|2569696|PE7||Grammar|Complex sentence structures with similar meanings: use - if only / regret; suppose (that) / supposing (that); mind you / though; Form: if only + subject + had + past perfect, etc.…
135b7823-746d-41c1-8923-c57805ce1120|EE-PRO-C1-L46|Job interviews|LISTENING|46|d6d2c547-f2fd-49fe-8112-cdac56fed4ee|Business - interviews|job-interviews|5|REX|2560500|PE7||Vocabulary|previous experience, qualifications, make a good impression, opportunity, responsible, ambitious, clean-cut appearance, body language, promotion, flexible
257069a5-9ba3-4176-9fc3-d8e9d7b5ed24|EE-PRO-C1-L47|Making the sale|LISTENING|47|d6d2c547-f2fd-49fe-8112-cdac56fed4ee|Business - sales and marketing|making-the-sale|1|REX|2560358|PE7||Vocabulary|undercut, sales pitch, USP, analyze, persuasive, branding, focus, customer perspective
00ca0726-0dee-4572-97fb-d270d221cc54|EE-PRO-C1-L48|Negotiating|LISTENING|48|d6d2c547-f2fd-49fe-8112-cdac56fed4ee|Business - meetings|negotiating|1|REX|2560613|PE7||Vocabulary|approach, goals, outcome, win-win situation, reach a conclusion, weight up, confront, take the initiative